{
  "device": "cuda",
  "repo_dir": "/root/nanogpt",
  "config": {
    "steps": 3000,
    "eval_iters": 8,
    "batch_size": 32,
    "seq_len": 256,
    "n_layers": 4,
    "n_heads": 8,
    "embed_dim": 1024,
    "dropout": 0.2,
    "vocab_size": 27,
    "lr": 0.001,
    "weight_decay": 0.0,
    "normalization": "unitary",
    "inverse_after_multiply": false,
    "unitary_projection": false
  },
  "results": [
    {
      "name": "baseline",
      "variant": "baseline",
      "compiled": false,
      "activation_kwargs": {
        "normalization": "unitary",
        "unitary_projection": false
      },
      "linear_kwargs": {
        "inverse_after_multiply": false,
        "normalization": "unitary",
        "unitary_projection": false,
        "use_triton_kernels": true,
        "direct_fourier_backend": "fft"
      },
      "initial_val_loss": 3.421499799229338,
      "final_train_loss": 1.2608903050422668,
      "final_val_loss": 1.3271183365745174,
      "best_val_loss": 1.3271183365745174,
      "best_val_step": 3000,
      "val_history": [
        [
          150,
          2.238840677893229,
          25.854498315
        ],
        [
          300,
          1.8825549593474764,
          51.18809794699973
        ],
        [
          450,
          1.7425435868764743,
          76.52660634199947
        ],
        [
          600,
          1.661170436062693,
          101.85000478299935
        ],
        [
          750,
          1.6053454718465263,
          127.18119319699963
        ],
        [
          900,
          1.5568670788851384,
          152.5253033539998
        ],
        [
          1050,
          1.5246702689606901,
          177.86795814300012
        ],
        [
          1200,
          1.4995067408313156,
          203.21911024500014
        ],
        [
          1350,
          1.4829182457569863,
          228.57706693399996
        ],
        [
          1500,
          1.4568495625907558,
          253.9253924919999
        ],
        [
          1650,
          1.4413903247864503,
          279.275661702
        ],
        [
          1800,
          1.4224691580212305,
          304.656502583
        ],
        [
          1950,
          1.4043670365948342,
          330.0567435439998
        ],
        [
          2100,
          1.3878271224495087,
          355.41922779800007
        ],
        [
          2250,
          1.3720695414545594,
          380.77901545600025
        ],
        [
          2400,
          1.355053612469284,
          406.18539431599993
        ],
        [
          2550,
          1.3473134180001582,
          431.5841713310001
        ],
        [
          2700,
          1.3391640523855832,
          456.97555231000024
        ],
        [
          2850,
          1.3343130586944478,
          482.31938239900046
        ],
        [
          3000,
          1.3271183365745174,
          507.6665810210002
        ]
      ],
      "lr": 0.001,
      "lr_schedule": "cosine",
      "warmup_steps": 150,
      "attn_scaling": true,
      "data_path": "/tmp/text8_10mb.txt",
      "seed": 2,
      "steps": 3000,
      "tokens_per_second": 48409.72582944826,
      "parameter_count": 50704411
    },
    {
      "name": "linear-fourier",
      "variant": "linear",
      "compiled": false,
      "activation_kwargs": {
        "normalization": "unitary",
        "unitary_projection": false
      },
      "linear_kwargs": {
        "a": 0.0,
        "b": 1.0,
        "c": 0.0,
        "dense_threshold": 32,
        "inverse_after_multiply": false,
        "normalization": "unitary",
        "unitary_projection": false,
        "use_triton_kernels": true,
        "direct_fourier_backend": "fft"
      },
      "initial_val_loss": 3.4140761003577276,
      "final_train_loss": 1.36146180331707,
      "final_val_loss": 1.4107114898810555,
      "best_val_loss": 1.4107114898810555,
      "best_val_step": 3000,
      "val_history": [
        [
          150,
          2.3116367819122456,
          20.483452880000186
        ],
        [
          300,
          1.9767521533731673,
          40.9314185330004
        ],
        [
          450,
          1.8341250729695138,
          61.36237061100064
        ],
        [
          600,
          1.756078743043461,
          81.80614174000084
        ],
        [
          750,
          1.7072980793329366,
          102.2579099590007
        ],
        [
          900,
          1.6584979475185435,
          122.71371961100067
        ],
        [
          1050,
          1.6201837189186554,
          143.1794330430007
        ],
        [
          1200,
          1.59261353371147,
          163.64562320300092
        ],
        [
          1350,
          1.5659714364053283,
          184.10371241300118
        ],
        [
          1500,
          1.5379154623561924,
          204.568575014001
        ],
        [
          1650,
          1.521822453399713,
          225.0386011570008
        ],
        [
          1800,
          1.4994365513416297,
          245.50090747400054
        ],
        [
          1950,
          1.4839201093147305,
          265.9599298800008
        ],
        [
          2100,
          1.4648498374867671,
          286.4131620140006
        ],
        [
          2250,
          1.4532641868864764,
          306.8570219250005
        ],
        [
          2400,
          1.4380746774043538,
          327.3060578420004
        ],
        [
          2550,
          1.4302267063842087,
          347.7683123400002
        ],
        [
          2700,
          1.4226043932387844,
          368.2321863750003
        ],
        [
          2850,
          1.4189893541370242,
          388.69376078400046
        ],
        [
          3000,
          1.4107114898810555,
          409.15808128200024
        ]
      ],
      "lr": 0.001,
      "lr_schedule": "cosine",
      "warmup_steps": 150,
      "attn_scaling": true,
      "data_path": "/tmp/text8_10mb.txt",
      "seed": 2,
      "steps": 3000,
      "tokens_per_second": 60064.8041045576,
      "parameter_count": 33943591
    },
    {
      "name": "lowrank-mlp",
      "variant": "linear",
      "compiled": false,
      "activation_kwargs": {
        "normalization": "unitary",
        "unitary_projection": false
      },
      "linear_kwargs": {
        "factory": "lowrank",
        "rank": 1
      },
      "initial_val_loss": 3.4024452103508844,
      "final_train_loss": 1.8645484149456024,
      "final_val_loss": 1.8816466397404121,
      "best_val_loss": 1.8816466397404121,
      "best_val_step": 3000,