{
  "device": "cuda",
  "repo_dir": "/root/nanogpt",
  "config": {
    "steps": 3000,
    "eval_iters": 8,
    "batch_size": 32,
    "seq_len": 256,
    "n_layers": 4,
    "n_heads": 8,
    "embed_dim": 840,
    "dropout": 0.2,
    "vocab_size": 27,
    "lr": 0.001,
    "weight_decay": 0.0,
    "normalization": "unitary",
    "inverse_after_multiply": false,
    "unitary_projection": false
  },
  "results": [
    {
      "name": "baseline",
      "variant": "baseline",
      "compiled": false,
      "activation_kwargs": {
        "normalization": "unitary",
        "unitary_projection": false
      },
      "linear_kwargs": {
        "inverse_after_multiply": false,
        "normalization": "unitary",
        "unitary_projection": false,
        "use_triton_kernels": true,
        "direct_fourier_backend": "fft"
      },
      "initial_val_loss": 3.5128220598696442,
      "final_train_loss": 1.2257875055074692,
      "final_val_loss": 1.295574765295721,
      "best_val_loss": 1.295574765295721,
      "best_val_step": 3000,
      "val_history": [
        [
          150,
          2.3176777498330208,
          19.82032279200007
        ],
        [
          300,
          1.9099152890218567,
          38.82774462399993
        ],
        [
          450,
          1.7330019600990791,
          57.83889221199979
        ],
        [
          600,
          1.6340364935577556,
          76.84715973999982
        ],
        [
          750,
          1.5628957933971837,
          95.85372066499986
        ],
        [
          900,
          1.5205181290782297,
          114.86048064099987
        ],
        [
          1050,
          1.4856105133379904,
          133.866521423
        ],
        [
          1200,
          1.4588419349756354,
          152.87130362499988
        ],
        [
          1350,
          1.4322464618082238,
          171.89134583499958
        ],
        [
          1500,
          1.4059453273637443,
          190.91950521799959
        ],
        [
          1650,
          1.3855172150939534,
          209.93110503999947
        ],
        [
          1800,
          1.36762314860905,
          228.93875588499918
        ],
        [
          1950,
          1.356516160662212,
          247.94651942199903
        ],
        [
          2100,
          1.3423353844401902,
          266.95962678499905
        ],
        [
          2250,
          1.329793634258413,
          285.97722068699863
        ],
        [
          2400,
          1.3187940003502021,
          304.9850762109984
        ],
        [
          2550,
          1.3131183164887592,
          323.99515077099863
        ],
        [
          2700,
          1.302945434894552,
          343.0041455709986
        ],
        [
          2850,
          1.3019014291133382,
          362.0273611569985
        ],
        [
          3000,
          1.295574765295721,
          381.03989328899866
        ]
      ],
      "lr": 0.001,
      "lr_schedule": "cosine",
      "warmup_steps": 150,
      "attn_scaling": true,
      "data_path": "/tmp/text8_10mb.txt",
      "seed": 1,
      "steps": 3000,
      "tokens_per_second": 64497.1837144632,
      "parameter_count": 34174587
    }
  ]
}