{
  "device": "cuda",
  "repo_dir": "/root/nanogpt",
  "config": {
    "steps": 3000,
    "eval_iters": 8,
    "batch_size": 32,
    "seq_len": 256,
    "n_layers": 4,
    "n_heads": 8,
    "embed_dim": 840,
    "dropout": 0.2,
    "vocab_size": 27,
    "lr": 0.001,
    "weight_decay": 0.0,
    "normalization": "unitary",
    "inverse_after_multiply": false,
    "unitary_projection": false
  },
  "results": [
    {
      "name": "baseline",
      "variant": "baseline",
      "compiled": false,
      "activation_kwargs": {
        "normalization": "unitary",
        "unitary_projection": false
      },
      "linear_kwargs": {
        "inverse_after_multiply": false,
        "normalization": "unitary",
        "unitary_projection": false,
        "use_triton_kernels": true,
        "direct_fourier_backend": "fft"
      },
      "initial_val_loss": 3.46330288893372,
      "final_train_loss": 1.2240991592407227,
      "final_val_loss": 1.2938247400250609,
      "best_val_loss": 1.2938247400250609,
      "best_val_step": 3000,
      "val_history": [
        [
          150,
          2.3075791032755,
          19.581831370000145
        ],
        [
          300,
          1.9175044478237233,
          38.59126985799958
        ],
        [
          450,
          1.7432374363365506,
          57.59998911799994
        ],
        [
          600,
          1.6386114863695027,
          76.60776135299966
        ],
        [
          750,
          1.5755542636955329,
          95.61394389700035
        ],
        [
          900,
          1.518467013065594,
          114.61973591200058
        ],
        [
          1050,
          1.4762878016331717,
          133.6107666530006
        ],
        [
          1200,
          1.446113845963876,
          152.60125337800127
        ],
        [
          1350,
          1.4293523478129553,
          171.60048838600142
        ],
        [
          1500,
          1.4043213056407093,
          190.6266700490014
        ],
        [
          1650,
          1.3921436249629937,
          209.65024213400193
        ],
        [
          1800,
          1.369688154426649,
          228.68344210500163
        ],
        [
          1950,
          1.3605519052169535,
          247.69673912600138
        ],
        [
          2100,
          1.341387654473949,
          266.70197205300065
        ],
        [
          2250,
          1.3311056717810603,
          285.71695187500063
        ],
        [
          2400,
          1.3161357287803919,
          304.718724413
        ],
        [
          2550,
          1.3098875300675494,
          323.7305479839997
        ],
        [
          2700,
          1.3024378874579028,
          342.7473035590001
        ],
        [
          2850,
          1.2979313359160456,
          361.7769833069997
        ],
        [
          3000,
          1.2938247400250609,
          380.7901445639991
        ]
      ],
      "lr": 0.001,
      "lr_schedule": "cosine",
      "warmup_steps": 150,
      "attn_scaling": true,
      "data_path": "/tmp/text8_10mb.txt",
      "seed": 2,
      "steps": 3000,
      "tokens_per_second": 64539.485464203055,
      "parameter_count": 34174587
    }
  ]
}