{
  "device": "cuda",
  "repo_dir": "/root/nanogpt",
  "config": {
    "steps": 3000,
    "eval_iters": 8,
    "batch_size": 32,
    "seq_len": 256,
    "n_layers": 4,
    "n_heads": 8,
    "embed_dim": 1024,
    "dropout": 0.2,
    "vocab_size": 27,
    "lr": 0.001,
    "weight_decay": 0.0,
    "normalization": "unitary",
    "inverse_after_multiply": false,
    "unitary_projection": false
  },
  "results": [
    {
      "name": "baseline",
      "variant": "baseline",
      "compiled": false,
      "activation_kwargs": {
        "normalization": "unitary",
        "unitary_projection": false
      },
      "linear_kwargs": {
        "inverse_after_multiply": false,
        "normalization": "unitary",
        "unitary_projection": false,
        "use_triton_kernels": true,
        "direct_fourier_backend": "fft"
      },
      "initial_val_loss": 3.3554696616794413,
      "final_train_loss": 1.2803942114114761,
      "final_val_loss": 1.3430493705649895,
      "best_val_loss": 1.3430493705649895,
      "best_val_step": 3000,
      "val_history": [
        [
          150,
          2.233951500972234,
          25.900977643000004
        ],
        [
          300,
          1.8595298502424467,
          51.254296756
        ],
        [
          450,
          1.7629114906420418,
          76.59376988700001
        ],
        [
          600,
          1.709097122755407,
          101.93444797000001
        ],
        [
          750,
          1.6552948214369314,
          127.27500087500005
        ],
        [
          900,
          1.6197313284544352,
          152.60959662900007
        ],
        [
          1050,
          1.5774696327391124,
          177.94052707900005
        ],
        [
          1200,
          1.548150007015488,
          203.28555996600005
        ],
        [
          1350,
          1.522206310730254,
          228.62409356700005
        ],
        [
          1500,
          1.4890728331320235,
          253.95328198900006
        ],
        [
          1650,
          1.46442585271014,
          279.28811308
        ],
        [
          1800,
          1.4382696517357385,
          304.61972238400006
        ],
        [
          1950,
          1.4190807771023517,
          329.9520673390001
        ],
        [
          2100,
          1.4040194321337933,
          355.2770467130001
        ],
        [
          2250,
          1.3897450830896145,
          380.5986328680002
        ],
        [
          2400,
          1.3746352448441466,
          405.9286386900002
        ],
        [
          2550,
          1.3641996944005588,
          431.2591545230001
        ],
        [
          2700,
          1.3552433116217484,
          456.5878656300001
        ],
        [
          2850,
          1.3497071131277987,
          481.9172293070002
        ],
        [
          3000,
          1.3430493705649895,
          507.24911035800017
        ]
      ],
      "lr": 0.001,
      "lr_schedule": "cosine",
      "warmup_steps": 150,
      "attn_scaling": true,
      "data_path": "/tmp/text8_10mb.txt",
      "seed": 1,
      "steps": 3000,
      "tokens_per_second": 48449.567477121935,
      "parameter_count": 50704411
    },
    {
      "name": "linear-fourier",
      "variant": "linear",
      "compiled": false,
      "activation_kwargs": {
        "normalization": "unitary",
        "unitary_projection": false
      },
      "linear_kwargs": {
        "a": 0.0,
        "b": 1.0,
        "c": 0.0,
        "dense_threshold": 32,
        "inverse_after_multiply": false,
        "normalization": "unitary",
        "unitary_projection": false,
        "use_triton_kernels": true,
        "direct_fourier_backend": "fft"
      },
      "initial_val_loss": 3.345862790247873,
      "final_train_loss": 1.3573670387268066,
      "final_val_loss": 1.4087068014003288,
      "best_val_loss": 1.4087068014003288,
      "best_val_step": 3000,
      "val_history": [
        [
          150,
          2.298222042875783,
          20.443639837999967
        ],
        [
          300,
          1.9237611569689288,
          40.85340741599998
        ],
        [
          450,
          1.812023789346737,
          61.25813535499992
        ],
        [
          600,
          1.7491874605096795,
          81.66722798899991
        ],
        [
          750,
          1.6931389810119724,
          102.10237856399988
        ],
        [
          900,
          1.6547399555422133,
          122.5454036179998
        ],
        [
          1050,
          1.6186367797656238,
          143.00380115899986
        ],
        [
          1200,
          1.5838490877771647,
          163.46056306499997
        ],
        [
          1350,
          1.5593371791712638,
          183.90882213299994
        ],
        [
          1500,
          1.5270789616912435,
          204.36744633499995
        ],
        [
          1650,
          1.5087917622577454,
          224.82419872000003
        ],
        [
          1800,
          1.4861506528263513,
          245.28067496600022
        ],
        [
          1950,
          1.4740550555269718,
          265.7354431580003
        ],
        [
          2100,
          1.4607355669102666,
          286.18567687600046
        ],
        [
          2250,
          1.4494229120531879,
          306.6409836850004
        ],
        [
          2400,
          1.4327435104040018,
          327.0936058870003
        ],
        [
          2550,
          1.4244286034941003,
          347.54761995700017
        ],
        [
          2700,
          1.4170273328157064,
          368.0045120990002
        ],
        [
          2850,
          1.410651381358817,
          388.45737939900016
        ],
        [
          3000,
          1.4087068014003288,
          408.899258087
        ]
      ],
      "lr": 0.001,
      "lr_schedule": "cosine",
      "warmup_steps": 150,
      "attn_scaling": true,
      "data_path": "/tmp/text8_10mb.txt",
      "seed": 1,
      "steps": 3000,
      "tokens_per_second": 60102.82365142138,
      "parameter_count": 33943591
    },
    {
      "name": "lowrank-mlp",
      "variant": "linear",
      "compiled": false,
      "activation_kwargs": {
        "normalization": "unitary",
        "unitary_projection": false
      },
      "linear_kwargs": {
        "factory": "lowrank",
        "rank": 1
      },
      "initial_val_loss": 3.4241675346616716,
      "final_train_loss": 2.025104835629463,
      "final_val_loss": 2.0405801481548727,
      "best_val_loss": 2.0405801481548727,
      "best_val_step": 3000,