{
  "device": "mps",
  "repo_dir": "/Users/alokbeniwal/nanogpt",
  "config": {
    "steps": 2000,
    "eval_iters": 8,
    "batch_size": 64,
    "seq_len": 256,
    "n_layers": 4,
    "n_heads": 4,
    "embed_dim": 212,
    "dropout": 0.2,
    "vocab_size": 65,
    "lr": 0.001,
    "weight_decay": 0.0,
    "normalization": "unitary",
    "inverse_after_multiply": true,
    "unitary_projection": false
  },
  "results": [
    {
      "name": "baseline",
      "variant": "baseline",
      "compiled": false,
      "activation_kwargs": {
        "normalization": "unitary",
        "unitary_projection": false
      },
      "linear_kwargs": {
        "inverse_after_multiply": true,
        "normalization": "unitary",
        "unitary_projection": false,
        "use_triton_kernels": true,
        "direct_fourier_backend": "fft"
      },
      "initial_val_loss": 4.363084170462071,
      "final_train_loss": 1.8210472464561462,
      "final_val_loss": 1.933853136259934,
      "best_val_loss": 1.933853136259934,
      "best_val_step": 2000,
      "val_history": [
        [
          100,
          2.5025848865509035
        ],
        [
          200,
          2.4839134353330765
        ],
        [
          300,
          2.470588898932797
        ],
        [
          400,
          2.4659871764566708
        ],
        [
          500,
          2.4530282820778333
        ],
        [
          600,
          2.4405299323728715
        ],
        [
          700,
          2.370676435273269
        ],
        [
          800,
          2.277704919069663
        ],
        [
          900,
          2.223378405625793
        ],
        [
          1000,
          2.174744757290544
        ],
        [
          1100,
          2.1620044894602106
        ],
        [
          1200,
          2.1239742191358544
        ],
        [
          1300,
          2.104185647526007
        ],
        [
          1400,
          2.0737601504928764
        ],
        [
          1500,
          2.040186087290446
        ],
        [
          1600,
          2.0098534699144035
        ],
        [
          1700,
          1.994464379891582
        ],
        [
          1800,
          1.9747539596996089
        ],
        [
          1900,
          1.9540694965713326
        ],
        [
          2000,
          1.933853136259934
        ]
      ],
      "lr": 0.001,
      "seed": 4,
      "steps": 2000,
      "tokens_per_second": 195618.8077723672,
      "parameter_count": 2250657
    }
  ]
}
