{
  "device": "mps",
  "repo_dir": "/Users/alokbeniwal/nanogpt",
  "config": {
    "steps": 2000,
    "eval_iters": 8,
    "batch_size": 64,
    "seq_len": 256,
    "n_layers": 4,
    "n_heads": 4,
    "embed_dim": 256,
    "dropout": 0.2,
    "vocab_size": 65,
    "lr": 0.001,
    "weight_decay": 0.0,
    "normalization": "unitary",
    "inverse_after_multiply": false,
    "unitary_projection": false
  },
  "results": [
    {
      "name": "baseline",
      "variant": "baseline",
      "compiled": false,
      "activation_kwargs": {
        "normalization": "unitary",
        "unitary_projection": false
      },
      "linear_kwargs": {
        "inverse_after_multiply": false,
        "normalization": "unitary",
        "unitary_projection": false,
        "use_triton_kernels": true,
        "direct_fourier_backend": "fft"
      },
      "initial_val_loss": 4.3989629559133245,
      "final_train_loss": 2.212588667869568,
      "final_val_loss": 2.2724422328773586,
      "best_val_loss": 2.267753961716575,
      "best_val_step": 1900,
      "val_history": [
        [
          100,
          2.494762761017372
        ],
        [
          200,
          2.4862395472910213
        ],
        [
          300,
          2.4795199268165677
        ],
        [
          400,
          2.475515093748597
        ],
        [
          500,
          2.4595420344122525
        ],
        [
          600,
          2.4387919584910076
        ],
        [
          700,
          2.383862613261431
        ],
        [
          800,
          2.3572740094415074
        ],
        [
          900,
          2.3420595108777627
        ],
        [
          1000,
          2.3387852564625358
        ],
        [
          1100,
          2.317967283314672
        ],
        [
          1200,
          2.3136962232918576
        ],
        [
          1300,
          2.2932551246949995
        ],
        [
          1400,
          2.3089169513220074
        ],
        [
          1500,
          2.2950244887121793
        ],
        [
          1600,
          2.2902121494556296
        ],
        [
          1700,
          2.275182553543442
        ],
        [
          1800,
          2.2740452158040014
        ],
        [
          1900,
          2.267753961716575
        ],
        [
          2000,
          2.2724422328773586
        ]
      ],
      "lr": 0.001,
      "seed": 3,
      "steps": 2000,
      "tokens_per_second": 170318.0210941127,
      "parameter_count": 3258433
    },
    {
      "name": "linear-frft30",
      "variant": "linear",
      "compiled": false,
      "activation_kwargs": {
        "normalization": "unitary",
        "unitary_projection": false
      },
      "linear_kwargs": {
        "a": 0.8660254037844387,
        "b": 0.49999999999999994,
        "c": -0.49999999999999994,
        "dense_threshold": 32,
        "inverse_after_multiply": false,
        "normalization": "unitary",
        "unitary_projection": false,
        "use_triton_kernels": true,
        "direct_fourier_backend": "fft"
      },
      "initial_val_loss": 4.399761515650256,
      "final_train_loss": 2.3409977555274963,
      "final_val_loss": 2.386870013160267,
      "best_val_loss": 2.3765297495085616,
      "best_val_step": 1900,
      "val_history": [
        [
          100,
          2.500609191806837
        ],
        [
          200,
          2.4907468297015662
        ],
        [
          300,
          2.4860292259304004
        ],
        [
          400,
          2.4790050221585678
        ],
        [
          500,
          2.4719691095681027
        ],
        [
          600,
          2.4732881058221574
        ],
        [
          700,
          2.466384145035141
        ],
        [
          800,
          2.4685544161960995
        ],
        [
          900,
          2.4622001198516497
        ],
        [
          1000,
          2.4560075195356346
        ],
        [
          1100,
          2.4412718186433287
        ],
        [
          1200,
          2.429724254279301
        ],
        [
          1300,
          2.414238765321929
        ],
        [
          1400,
          2.406277770557623
        ],
        [
          1500,
          2.4000547326844313
        ],
        [
          1600,
          2.3882193137859478
        ],
        [
          1700,
          2.378537644463024
        ],
        [
          1800,
          2.384611476152793
        ],
        [
          1900,
          2.3765297495085616
        ],
        [
          2000,
          2.386870013160267
        ]
      ],
      "lr": 0.001,
      "seed": 3,
      "steps": 2000,
      "tokens_per_second": 102464.40147750301,
      "parameter_count": 2213965
    },
    {
      "name": "linear-fourier",
      "variant": "linear",
      "compiled": false,
      "activation_kwargs": {
        "normalization": "unitary",
        "unitary_projection": false
      },
      "linear_kwargs": {
        "a": 0.0,
        "b": 1.0,
        "c": 0.0,
        "dense_threshold": 32,
        "inverse_after_multiply": false,
        "normalization": "unitary",
        "unitary_projection": false,
        "use_triton_kernels": true,
        "direct_fourier_backend": "fft"
      },
      "initial_val_loss": 4.392998483811302,
      "final_train_loss": 2.3540098071098328,
      "final_val_loss": 2.4047206242879233,
      "best_val_loss": 2.4047206242879233,
      "best_val_step": 2000,
      "val_history": [
        [
          100,
          2.5011115128966583
        ],
        [
          200,
          2.4918716233352134
        ],
        [
          300,
          2.488032280713662
        ],
        [
          400,
          2.4839289851572324
        ],
        [
          500,
          2.473983686271755
        ],
        [
          600,
          2.4801888038372173
        ],
        [
          700,
          2.4657367662451732
        ],
        [
          800,
          2.4669059040902677
        ],
        [
          900,
          2.45885140484777
        ],
        [
          1000,
          2.457746107276829
        ],
        [
          1100,
          2.451303552759105
        ],
        [
          1200,
          2.4478957883242902
        ],
        [
          1300,
          2.4438146393874596
        ],
        [
          1400,
          2.4375110730357554
        ],
        [
          1500,
          2.4330813945024863
        ],
        [
          1600,
          2.4248790110664804
        ],
        [
          1700,
          2.418994454131729
        ],
        [
          1800,
          2.424363587368494
        ],
        [
          1900,
          2.413491798269338
        ],
        [
          2000,
          2.4047206242879233
        ]
      ],
      "lr": 0.001,
      "seed": 3,
      "steps": 2000,
      "tokens_per_second": 145613.52945887315,
      "parameter_count": 2213965
    },
    {
      "name": "linear-frft45",
      "variant": "linear",
      "compiled": false,
      "activation_kwargs": {
        "normalization": "unitary",
        "unitary_projection": false
      },
      "linear_kwargs": {
        "a": 0.7071067811865476,
        "b": 0.7071067811865475,
        "c": -0.7071067811865475,
        "dense_threshold": 32,
        "inverse_after_multiply": false,
        "normalization": "unitary",
        "unitary_projection": false,
        "use_triton_kernels": true,
        "direct_fourier_backend": "fft"
      },
      "initial_val_loss": 4.423144082913454,
      "final_train_loss": 2.3711840212345123,
      "final_val_loss": 2.4226913753597215,
      "best_val_loss": 2.4226913753597215,
      "best_val_step": 2000,