{
  "device": "mps",
  "repo_dir": "/Users/alokbeniwal/nanogpt",
  "config": {
    "steps": 2000,
    "eval_iters": 8,
    "batch_size": 64,
    "seq_len": 256,
    "n_layers": 4,
    "n_heads": 4,
    "embed_dim": 212,
    "dropout": 0.2,
    "vocab_size": 65,
    "lr": 0.001,
    "weight_decay": 0.0,
    "normalization": "unitary",
    "inverse_after_multiply": true,
    "unitary_projection": false
  },
  "results": [
    {
      "name": "baseline",
      "variant": "baseline",
      "compiled": false,
      "activation_kwargs": {
        "normalization": "unitary",
        "unitary_projection": false
      },
      "linear_kwargs": {
        "inverse_after_multiply": true,
        "normalization": "unitary",
        "unitary_projection": false,
        "use_triton_kernels": true,
        "direct_fourier_backend": "fft"
      },
      "initial_val_loss": 4.349907687614704,
      "final_train_loss": 1.9980950951576233,
      "final_val_loss": 2.0828671921258683,
      "best_val_loss": 2.0828671921258683,
      "best_val_step": 2000,
      "val_history": [
        [
          100,
          2.499403434512259
        ],
        [
          200,
          2.4848518908708943
        ],
        [
          300,
          2.4772776685912032
        ],
        [
          400,
          2.462493979245767
        ],
        [
          500,
          2.3895796589467717
        ],
        [
          600,
          2.348656021315476
        ],
        [
          700,
          2.3017762167700404
        ],
        [
          800,
          2.2716295346446422
        ],
        [
          900,
          2.2422423773798448
        ],
        [
          1000,
          2.2265630935800487
        ],
        [
          1100,
          2.2111955330289645
        ],
        [
          1200,
          2.201083002419307
        ],
        [
          1300,
          2.186029484080172
        ],
        [
          1400,
          2.1745069350319346
        ],
        [
          1500,
          2.1645019131145258
        ],
        [
          1600,
          2.1461190947170916
        ],
        [
          1700,
          2.1235355552585644
        ],
        [
          1800,
          2.119511405900977
        ],
        [
          1900,
          2.096133513286196
        ],
        [
          2000,
          2.0828671921258683
        ]
      ],
      "lr": 0.001,
      "seed": 3,
      "steps": 2000,
      "tokens_per_second": 196527.21345826297,
      "parameter_count": 2250657
    }
  ]
}
