{
  "device": "mps",
  "repo_dir": "/Users/alokbeniwal/nanogpt",
  "config": {
    "steps": 2000,
    "eval_iters": 8,
    "batch_size": 64,
    "seq_len": 256,
    "n_layers": 4,
    "n_heads": 4,
    "embed_dim": 256,
    "dropout": 0.2,
    "vocab_size": 65,
    "lr": 0.001,
    "weight_decay": 0.0,
    "normalization": "unitary",
    "inverse_after_multiply": false,
    "unitary_projection": false
  },
  "results": [
    {
      "name": "baseline",
      "variant": "baseline",
      "compiled": false,
      "activation_kwargs": {
        "normalization": "unitary",
        "unitary_projection": false
      },
      "linear_kwargs": {
        "inverse_after_multiply": false,
        "normalization": "unitary",
        "unitary_projection": false,
        "use_triton_kernels": true,
        "direct_fourier_backend": "fft"
      },
      "initial_val_loss": 4.3781750394009995,
      "final_train_loss": 2.1847734451293945,
      "final_val_loss": 2.248753021503317,
      "best_val_loss": 2.245431943871509,
      "best_val_step": 1900,
      "val_history": [
        [
          100,
          2.4929460509070034
        ],
        [
          200,
          2.4823914982806676
        ],
        [
          300,
          2.4751921571534257
        ],
        [
          400,
          2.466578950553105
        ],
        [
          500,
          2.424240417041998
        ],
        [
          600,
          2.3763933220128903
        ],
        [
          700,
          2.359993923669574
        ],
        [
          800,
          2.3560628310017204
        ],
        [
          900,
          2.340699617890106
        ],
        [
          1000,
          2.3307650297537617
        ],
        [
          1100,
          2.3318484328258995
        ],
        [
          1200,
          2.316864324438161
        ],
        [
          1300,
          2.310104330654802
        ],
        [
          1400,
          2.3039433462866423
        ],
        [
          1500,
          2.27213551970734
        ],
        [
          1600,
          2.2572618051507005
        ],
        [
          1700,
          2.2484448301381077
        ],
        [
          1800,
          2.2480783265212487
        ],
        [
          1900,
          2.245431943871509
        ],
        [
          2000,
          2.248753021503317
        ]
      ],
      "lr": 0.001,
      "seed": 1,
      "steps": 2000,
      "tokens_per_second": 175210.12299096913,
      "parameter_count": 3258433
    },
    {
      "name": "linear-fourier",
      "variant": "linear",
      "compiled": false,
      "activation_kwargs": {
        "normalization": "unitary",
        "unitary_projection": false
      },
      "linear_kwargs": {
        "a": 0.0,
        "b": 1.0,
        "c": 0.0,
        "dense_threshold": 32,
        "inverse_after_multiply": false,
        "normalization": "unitary",
        "unitary_projection": false,
        "use_triton_kernels": true,
        "direct_fourier_backend": "fft"
      },
      "initial_val_loss": 4.371012617527754,
      "final_train_loss": 2.2208021879196167,
      "final_val_loss": 2.278144910965843,
      "best_val_loss": 2.278144910965843,
      "best_val_step": 2000,
      "val_history": [
        [
          100,
          2.4986042663968844
        ],
        [
          200,
          2.4918113357719336
        ],
        [
          300,
          2.486177352927197
        ],
        [
          400,
          2.4852043546479323
        ],
        [
          500,
          2.4781326178846688
        ],
        [
          600,
          2.4691601977951225
        ],
        [
          700,
          2.468424399693807
        ],
        [
          800,
          2.4708977649951804
        ],
        [
          900,
          2.462210331291988
        ],
        [
          1000,
          2.456419454771897
        ],
        [
          1100,
          2.445047137929105
        ],
        [
          1200,
          2.4398287784094097
        ],
        [
          1300,
          2.4333007363067276
        ],
        [
          1400,
          2.420250685461636
        ],
        [
          1500,
          2.4048137418155013
        ],
        [
          1600,
          2.355144448115908
        ],
        [
          1700,
          2.3245041425200714
        ],
        [
          1800,
          2.309753780803461
        ],
        [
          1900,
          2.2854105954882744
        ],
        [
          2000,
          2.278144910965843
        ]
      ],
      "lr": 0.001,
      "seed": 1,
      "steps": 2000,
      "tokens_per_second": 144270.1052135635,
      "parameter_count": 2213965
    },
    {
      "name": "linear-frft45",
      "variant": "linear",
      "compiled": false,
      "activation_kwargs": {
        "normalization": "unitary",
        "unitary_projection": false
      },
      "linear_kwargs": {
        "a": 0.7071067811865476,
        "b": 0.7071067811865475,
        "c": -0.7071067811865475,
        "dense_threshold": 32,
        "inverse_after_multiply": false,
        "normalization": "unitary",
        "unitary_projection": false,
        "use_triton_kernels": true,
        "direct_fourier_backend": "fft"
      },
      "initial_val_loss": 4.406113067714648,
      "final_train_loss": 2.386530488729477,
      "final_val_loss": 2.4435169115833855,
      "best_val_loss": 2.4361418554152565,
      "best_val_step": 1800,
      "val_history": [
        [
          100,
          2.5001668162729547
        ],
        [
          200,
          2.4872397165188844
        ],
        [
          300,
          2.4839448446514965
        ],
        [
          400,
          2.4840212816479563
        ],
        [
          500,
          2.478396724832469
        ],
        [
          600,
          2.471947819063033
        ],
        [
          700,
          2.465062845164332
        ],
        [
          800,
          2.471736628433754
        ],
        [
          900,
          2.4672945888563134
        ],
        [
          1000,
          2.464878190248862
        ],
        [
          1100,
          2.4548443794250487
        ],
        [
          1200,
          2.447184870708948
        ],
        [
          1300,
          2.451713061606747
        ],
        [
          1400,
          2.456629376027776
        ],
        [
          1500,
          2.4513743850006455
        ],
        [
          1600,
          2.44338480795937
        ],
        [
          1700,
          2.4430164490623034
        ],
        [
          1800,
          2.4361418554152565
        ],
        [
          1900,
          2.437480359789969
        ],
        [
          2000,
          2.4435169115833855
        ]
      ],
      "lr": 0.001,
      "seed": 1,
      "steps": 2000,
      "tokens_per_second": 102347.58315191856,
      "parameter_count": 2213965
    },
    {
      "name": "linear-frft30",
      "variant": "linear",
      "compiled": false,
      "activation_kwargs": {
        "normalization": "unitary",
        "unitary_projection": false
      },
      "linear_kwargs": {
        "a": 0.8660254037844387,
        "b": 0.49999999999999994,
        "c": -0.49999999999999994,
        "dense_threshold": 32,
        "inverse_after_multiply": false,
        "normalization": "unitary",
        "unitary_projection": false,
        "use_triton_kernels": true,
        "direct_fourier_backend": "fft"
      },
      "initial_val_loss": 4.397872631029151,
      "final_train_loss": 2.396045297384262,
      "final_val_loss": 2.4461872402278857,
      "best_val_loss": 2.443430503757521,
      "best_val_step": 1900,