{
  "device": "mps",
  "repo_dir": "/Users/alokbeniwal/nanogpt",
  "config": {
    "steps": 2000,
    "eval_iters": 8,
    "batch_size": 64,
    "seq_len": 256,
    "n_layers": 4,
    "n_heads": 4,
    "embed_dim": 212,
    "dropout": 0.2,
    "vocab_size": 65,
    "lr": 0.001,
    "weight_decay": 0.0,
    "normalization": "unitary",
    "inverse_after_multiply": true,
    "unitary_projection": false
  },
  "results": [
    {
      "name": "baseline",
      "variant": "baseline",
      "compiled": false,
      "activation_kwargs": {
        "normalization": "unitary",
        "unitary_projection": false
      },
      "linear_kwargs": {
        "inverse_after_multiply": true,
        "normalization": "unitary",
        "unitary_projection": false,
        "use_triton_kernels": true,
        "direct_fourier_backend": "fft"
      },
      "initial_val_loss": 4.391136763561731,
      "final_train_loss": 1.8213157653808594,
      "final_val_loss": 1.9431373196086665,
      "best_val_loss": 1.9431373196086665,
      "best_val_step": 2000,
      "val_history": [
        [
          100,
          2.491327253429369
        ],
        [
          200,
          2.48017550556139
        ],
        [
          300,
          2.468208809556632
        ],
        [
          400,
          2.46596054921205
        ],
        [
          500,
          2.4354389842899367
        ],
        [
          600,
          2.3857302188873293
        ],
        [
          700,
          2.3437075362808404
        ],
        [
          800,
          2.2869007932728733
        ],
        [
          900,
          2.2357491219180754
        ],
        [
          1000,
          2.19853567419381
        ],
        [
          1100,
          2.165563324676163
        ],
        [
          1200,
          2.139206110197922
        ],
        [
          1300,
          2.1191143644267116
        ],
        [
          1400,
          2.095641224959801
        ],
        [
          1500,
          2.0717843905262563
        ],
        [
          1600,
          2.0404310938955725
        ],
        [
          1700,
          2.0071165802835047
        ],
        [
          1800,
          1.975897345049628
        ],
        [
          1900,
          1.9546008159374368
        ],
        [
          2000,
          1.9431373196086665
        ]
      ],
      "lr": 0.001,
      "seed": 1,
      "steps": 2000,
      "tokens_per_second": 196769.46942248207,
      "parameter_count": 2250657
    }
  ]
}
