{
  "device": "mps",
  "repo_dir": "/Users/alokbeniwal/nanogpt",
  "config": {
    "steps": 5000,
    "eval_iters": 8,
    "batch_size": 64,
    "seq_len": 256,
    "n_layers": 4,
    "n_heads": 4,
    "embed_dim": 172,
    "dropout": 0.2,
    "vocab_size": 65,
    "lr": 0.001,
    "weight_decay": 0.0,
    "normalization": "unitary",
    "inverse_after_multiply": true,
    "unitary_projection": false
  },
  "results": [
    {
      "name": "baseline",
      "variant": "baseline",
      "compiled": false,
      "activation_kwargs": {
        "normalization": "unitary",
        "unitary_projection": false
      },
      "linear_kwargs": {
        "inverse_after_multiply": true,
        "normalization": "unitary",
        "unitary_projection": false,
        "use_triton_kernels": true,
        "direct_fourier_backend": "fft"
      },
      "initial_val_loss": 4.267655774916726,
      "final_train_loss": 1.5697316825389862,
      "final_val_loss": 1.7473604328330905,
      "best_val_loss": 1.7473604328330905,
      "best_val_step": 5000,
      "val_history": [
        [
          200,
          2.4834579577391174
        ],
        [
          400,
          2.4313665028276112
        ],
        [
          600,
          2.3593501469184615
        ],
        [
          800,
          2.306570875781706
        ],
        [
          1000,
          2.2223212527132583
        ],
        [
          1200,
          2.1257537195052225
        ],
        [
          1400,
          2.0209834893544514
        ],
        [
          1600,
          1.9607037747043303
        ],
        [
          1800,
          1.9207461614718382
        ],
        [
          2000,
          1.8963394340427442
        ],
        [
          2200,
          1.8625399923872674
        ],
        [
          2400,
          1.847235247732579
        ],
        [
          2600,
          1.8389640240833678
        ],
        [
          2800,
          1.8255540220216773
        ],
        [
          3000,
          1.8117436354187713
        ],
        [
          3200,
          1.8041213145201234
        ],
        [
          3400,
          1.793169029279687
        ],
        [
          3600,
          1.7823636860683048
        ],
        [
          3800,
          1.7755947595355155
        ],
        [
          4000,
          1.7731048932020692
        ],
        [
          4200,
          1.7709386244587515
        ],
        [
          4400,
          1.7636831938535318
        ],
        [
          4600,
          1.757396192660277
        ],
        [
          4800,
          1.7572247965582486
        ],
        [
          5000,
          1.7473604328330905
        ]
      ],
      "lr": 0.001,
      "seed": 1,
      "steps": 5000,
      "tokens_per_second": 261255.67146536184,
      "parameter_count": 1495777
    }
  ]
}
