{
  "device": "mps",
  "repo_dir": "/Users/alokbeniwal/nanogpt",
  "config": {
    "steps": 5000,
    "eval_iters": 8,
    "batch_size": 64,
    "seq_len": 256,
    "n_layers": 4,
    "n_heads": 4,
    "embed_dim": 212,
    "dropout": 0.2,
    "vocab_size": 65,
    "lr": 0.001,
    "weight_decay": 0.0,
    "normalization": "unitary",
    "inverse_after_multiply": false,
    "unitary_projection": false
  },
  "results": [
    {
      "name": "baseline",
      "variant": "baseline",
      "compiled": false,
      "activation_kwargs": {
        "normalization": "unitary",
        "unitary_projection": false
      },
      "linear_kwargs": {
        "inverse_after_multiply": false,
        "normalization": "unitary",
        "unitary_projection": false,
        "use_triton_kernels": true,
        "direct_fourier_backend": "fft"
      },
      "initial_val_loss": 4.391136763561731,
      "final_train_loss": 1.5667685270309448,
      "final_val_loss": 1.7396679050620945,
      "best_val_loss": 1.7396679050620945,
      "best_val_step": 5000,
      "val_history": [
        [
          200,
          2.4813659339115537
        ],
        [
          400,
          2.4637859262269117
        ],
        [
          600,
          2.3871113705909117
        ],
        [
          800,
          2.2703528607028653
        ],
        [
          1000,
          2.1945102247698554
        ],
        [
          1200,
          2.13143844275639
        ],
        [
          1400,
          2.0843081808638297
        ],
        [
          1600,
          2.0388910764935373
        ],
        [
          1800,
          1.9818711264380093
        ],
        [
          2000,
          1.9393951679098196
        ],
        [
          2200,
          1.8973457939323337
        ],
        [
          2400,
          1.8705183752651873
        ],
        [
          2600,
          1.8578486744014697
        ],
        [
          2800,
          1.8418801167915608
        ],
        [
          3000,
          1.82022036464735
        ],
        [
          3200,
          1.803553635498573
        ],
        [
          3400,
          1.7900937192741482
        ],
        [
          3600,
          1.7845675029973873
        ],
        [
          3800,
          1.7784768496436634
        ],
        [
          4000,
          1.769409021837958
        ],
        [
          4200,
          1.7600180425863157
        ],
        [
          4400,
          1.7602144748315043
        ],
        [
          4600,
          1.7482455713995573
        ],
        [
          4800,
          1.749322936178624
        ],
        [
          5000,
          1.7396679050620945
        ]
      ],
      "lr": 0.001,
      "seed": 1,
      "steps": 5000,
      "tokens_per_second": 204393.20922467948,
      "parameter_count": 2250657
    },
    {
      "name": "linear-fourier",
      "variant": "linear",
      "compiled": false,
      "activation_kwargs": {
        "normalization": "unitary",
        "unitary_projection": false
      },
      "linear_kwargs": {
        "a": 0.0,
        "b": 1.0,
        "c": 0.0,
        "dense_threshold": 32,
        "inverse_after_multiply": false,
        "normalization": "unitary",
        "unitary_projection": false,
        "use_triton_kernels": true,
        "direct_fourier_backend": "fft"
      },
      "initial_val_loss": 4.336668491363525,
      "final_train_loss": 1.7699846774339676,
      "final_val_loss": 1.91447635299858,
      "best_val_loss": 1.91447635299858,
      "best_val_step": 5000,
      "val_history": [
        [
          200,
          2.48410431543986
        ],
        [
          400,
          2.477711192492781
        ],
        [
          600,
          2.4605413793147295
        ],
        [
          800,
          2.4513519319994694
        ],
        [
          1000,
          2.4305008471697227
        ],
        [
          1200,
          2.384782418437388
        ],
        [
          1400,
          2.3185776918783954
        ],
        [
          1600,
          2.255491632154618
        ],
        [
          1800,
          2.199850626101439
        ],
        [
          2000,
          2.1471477300271222
        ],
        [
          2200,
          2.120771342310412
        ],
        [
          2400,
          2.076849098315184
        ],
        [
          2600,
          2.066636720196954
        ],
        [
          2800,
          2.0415609085696866
        ],
        [
          3000,
          2.016021540521205
        ],
        [
          3200,
          2.0045608476660717
        ],
        [
          3400,
          1.987765795060958
        ],
        [
          3600,
          1.9790040262814226
        ],
        [
          3800,
          1.9636691844326326
        ],
        [
          4000,
          1.9553600525033885
        ],
        [
          4200,
          1.9521291365568665
        ],
        [
          4400,
          1.9406790711413855
        ],
        [
          4600,
          1.926838337141892
        ],
        [
          4800,
          1.9240101293585767
        ],
        [
          5000,
          1.91447635299858
        ]
      ],
      "lr": 0.001,
      "seed": 1,
      "steps": 5000,
      "tokens_per_second": 145276.75221599505,
      "parameter_count": 1534957
    }
  ]
}
