{
  "device": "mps",
  "repo_dir": "/Users/alokbeniwal/nanogpt",
  "config": {
    "steps": 2000,
    "eval_iters": 8,
    "batch_size": 64,
    "seq_len": 256,
    "n_layers": 4,
    "n_heads": 4,
    "embed_dim": 256,
    "dropout": 0.2,
    "vocab_size": 65,
    "lr": 0.001,
    "weight_decay": 0.0,
    "normalization": "unitary",
    "inverse_after_multiply": false,
    "unitary_projection": false
  },
  "results": [
    {
      "name": "baseline",
      "variant": "baseline",
      "compiled": false,
      "activation_kwargs": {
        "normalization": "unitary",
        "unitary_projection": false
      },
      "linear_kwargs": {
        "inverse_after_multiply": false,
        "normalization": "unitary",
        "unitary_projection": false,
        "use_triton_kernels": true,
        "direct_fourier_backend": "fft"
      },
      "initial_val_loss": 4.375271454076658,
      "final_train_loss": 2.2229520976543427,
      "final_val_loss": 2.2806785249161994,
      "best_val_loss": 2.2806785249161994,
      "best_val_step": 2000,
      "val_history": [
        [
          100,
          2.491722550337342
        ],
        [
          200,
          2.480871816613208
        ],
        [
          300,
          2.4733916238806715
        ],
        [
          400,
          2.4322231725714674
        ],
        [
          500,
          2.385626443775221
        ],
        [
          600,
          2.360848112215941
        ],
        [
          700,
          2.337635431618526
        ],
        [
          800,
          2.3398992796053832
        ],
        [
          900,
          2.315124507882129
        ],
        [
          1000,
          2.3089063266227985
        ],
        [
          1100,
          2.2947415982169668
        ],
        [
          1200,
          2.299063356991472
        ],
        [
          1300,
          2.2892443114313585
        ],
        [
          1400,
          2.2855829436203527
        ],
        [
          1500,
          2.282124825729721
        ],
        [
          1600,
          2.281522684535761
        ],
        [
          1700,
          2.2902725729449043
        ],
        [
          1800,
          2.2861183144580357
        ],
        [
          1900,
          2.282712023833702
        ],
        [
          2000,
          2.2806785249161994
        ]
      ],
      "lr": 0.001,
      "seed": 2,
      "steps": 2000,
      "tokens_per_second": 170238.80611699077,
      "parameter_count": 3258433
    },
    {
      "name": "linear-fourier",
      "variant": "linear",
      "compiled": false,
      "activation_kwargs": {
        "normalization": "unitary",
        "unitary_projection": false
      },
      "linear_kwargs": {
        "a": 0.0,
        "b": 1.0,
        "c": 0.0,
        "dense_threshold": 32,
        "inverse_after_multiply": false,
        "normalization": "unitary",
        "unitary_projection": false,
        "use_triton_kernels": true,
        "direct_fourier_backend": "fft"
      },
      "initial_val_loss": 4.339318131852424,
      "final_train_loss": 2.2796996533870697,
      "final_val_loss": 2.3300032577295413,
      "best_val_loss": 2.3300032577295413,
      "best_val_step": 2000,
      "val_history": [
        [
          100,
          2.4965061264476556
        ],
        [
          200,
          2.4830216550278936
        ],
        [
          300,
          2.4748671301479996
        ],
        [
          400,
          2.4759920251780545
        ],
        [
          500,
          2.463216600198855
        ],
        [
          600,
          2.4698191582471476
        ],
        [
          700,
          2.4602498142198583
        ],
        [
          800,
          2.4634223762599903
        ],
        [
          900,
          2.448784670884582
        ],
        [
          1000,
          2.4454394033585474
        ],
        [
          1100,
          2.429466976516548
        ],
        [
          1200,
          2.3965130992319392
        ],
        [
          1300,
          2.3819513885454198
        ],
        [
          1400,
          2.3772597893901253
        ],
        [
          1500,
          2.364902730919849
        ],
        [
          1600,
          2.356417316129838
        ],
        [
          1700,
          2.3455384385996854
        ],
        [
          1800,
          2.3407661399622075
        ],
        [
          1900,
          2.3439194591566066
        ],
        [
          2000,
          2.3300032577295413
        ]
      ],
      "lr": 0.001,
      "seed": 2,
      "steps": 2000,
      "tokens_per_second": 145323.92970360894,
      "parameter_count": 2213965
    },
    {
      "name": "linear-frft45",
      "variant": "linear",
      "compiled": false,
      "activation_kwargs": {
        "normalization": "unitary",
        "unitary_projection": false
      },
      "linear_kwargs": {
        "a": 0.7071067811865476,
        "b": 0.7071067811865475,
        "c": -0.7071067811865475,
        "dense_threshold": 32,
        "inverse_after_multiply": false,
        "normalization": "unitary",
        "unitary_projection": false,
        "use_triton_kernels": true,
        "direct_fourier_backend": "fft"
      },
      "initial_val_loss": 4.36167123728785,
      "final_train_loss": 2.304888755083084,
      "final_val_loss": 2.3503388519944814,
      "best_val_loss": 2.3503388519944814,
      "best_val_step": 2000,
      "val_history": [
        [
          100,
          2.4994393754279476
        ],
        [
          200,
          2.482789547141941
        ],
        [
          300,
          2.4778115140980685
        ],
        [
          400,
          2.474626296142052
        ],
        [
          500,
          2.4656782824417642
        ],
        [
          600,
          2.4688272799568614
        ],
        [
          700,
          2.46101062928123
        ],
        [
          800,
          2.4551045302687022
        ],
        [
          900,
          2.422511455382424
        ],
        [
          1000,
          2.40864112897851
        ],
        [
          1100,
          2.3909891660186067
        ],
        [
          1200,
          2.393839985748817
        ],
        [
          1300,
          2.3851712177539692
        ],
        [
          1400,
          2.3715155837179602
        ],
        [
          1500,
          2.3673054377237954
        ],
        [
          1600,
          2.3690642099270875
        ],
        [
          1700,
          2.3677438423551362
        ],
        [
          1800,
          2.36352606312982
        ],
        [
          1900,
          2.3632311722327923
        ],
        [
          2000,
          2.3503388519944814
        ]
      ],
      "lr": 0.001,
      "seed": 2,
      "steps": 2000,
      "tokens_per_second": 101438.09189651409,
      "parameter_count": 2213965
    },
    {
      "name": "linear-frft30",
      "variant": "linear",
      "compiled": false,
      "activation_kwargs": {
        "normalization": "unitary",
        "unitary_projection": false
      },
      "linear_kwargs": {
        "a": 0.8660254037844387,
        "b": 0.49999999999999994,
        "c": -0.49999999999999994,
        "dense_threshold": 32,
        "inverse_after_multiply": false,
        "normalization": "unitary",
        "unitary_projection": false,
        "use_triton_kernels": true,
        "direct_fourier_backend": "fft"
      },
      "initial_val_loss": 4.391110631789284,
      "final_train_loss": 2.4217664301395416,
      "final_val_loss": 2.4643886061920517,
      "best_val_loss": 2.4603515213933482,
      "best_val_step": 1400,