{
  "device": "mps",
  "repo_dir": "/Users/alokbeniwal/nanogpt",
  "config": {
    "steps": 5000,
    "eval_iters": 8,
    "batch_size": 64,
    "seq_len": 256,
    "n_layers": 4,
    "n_heads": 4,
    "embed_dim": 212,
    "dropout": 0.2,
    "vocab_size": 65,
    "lr": 0.001,
    "weight_decay": 0.0,
    "normalization": "unitary",
    "inverse_after_multiply": true,
    "unitary_projection": false
  },
  "results": [
    {
      "name": "baseline",
      "variant": "baseline",
      "compiled": false,
      "activation_kwargs": {
        "normalization": "unitary",
        "unitary_projection": false
      },
      "linear_kwargs": {
        "inverse_after_multiply": true,
        "normalization": "unitary",
        "unitary_projection": false,
        "use_triton_kernels": true,
        "direct_fourier_backend": "fft"
      },
      "initial_val_loss": 4.391136763561731,
      "final_train_loss": 1.5741873681545258,
      "final_val_loss": 1.7543623806416304,
      "best_val_loss": 1.7543623806416304,
      "best_val_step": 5000,
      "val_history": [
        [
          200,
          2.4816840045753565
        ],
        [
          400,
          2.462447886083318
        ],
        [
          600,
          2.3861960032890583
        ],
        [
          800,
          2.2872435761594225
        ],
        [
          1000,
          2.195617788139431
        ],
        [
          1200,
          2.135324574613023
        ],
        [
          1400,
          2.098783709537024
        ],
        [
          1600,
          2.0518777436223523
        ],
        [
          1800,
          2.0007744586330722
        ],
        [
          2000,
          1.9567754597499454
        ],
        [
          2200,
          1.9074061284120056
        ],
        [
          2400,
          1.8754789357897879
        ],
        [
          2600,
          1.8668001465413762
        ],
        [
          2800,
          1.8469102725215343
        ],
        [
          3000,
          1.825720831717568
        ],
        [
          3200,
          1.815523920114013
        ],
        [
          3400,
          1.8020963178283866
        ],
        [
          3600,
          1.7903547933731956
        ],
        [
          3800,
          1.7822843598223281
        ],
        [
          4000,
          1.7781411310722088
        ],
        [
          4200,
          1.7768367090444455
        ],
        [
          4400,
          1.7664186795552572
        ],
        [
          4600,
          1.7645350330177394
        ],
        [
          4800,
          1.7571390919301701
        ],
        [
          5000,
          1.7543623806416304
        ]
      ],
      "lr": 0.001,
      "seed": 1,
      "steps": 5000,
      "tokens_per_second": 193856.72759047756,
      "parameter_count": 2250657
    }
  ]
}
