{
  "device": "mps",
  "repo_dir": "/Users/alokbeniwal/nanogpt",
  "config": {
    "steps": 5000,
    "eval_iters": 8,
    "batch_size": 64,
    "seq_len": 256,
    "n_layers": 4,
    "n_heads": 4,
    "embed_dim": 256,
    "dropout": 0.2,
    "vocab_size": 65,
    "lr": 0.001,
    "weight_decay": 0.0,
    "normalization": "unitary",
    "inverse_after_multiply": false,
    "unitary_projection": false
  },
  "results": [
    {
      "name": "linear-fourier",
      "variant": "linear",
      "compiled": false,
      "activation_kwargs": {
        "normalization": "unitary",
        "unitary_projection": false
      },
      "linear_kwargs": {
        "a": 0.0,
        "b": 1.0,
        "c": 0.0,
        "dense_threshold": 32,
        "inverse_after_multiply": false,
        "normalization": "unitary",
        "unitary_projection": false,
        "use_triton_kernels": true,
        "direct_fourier_backend": "fft"
      },
      "initial_val_loss": 4.371012617527754,
      "final_train_loss": 1.772226795554161,
      "final_val_loss": 1.910006405841345,
      "best_val_loss": 1.910006405841345,
      "best_val_step": 5000,
      "val_history": [
        [
          200,
          2.4897082432933235
        ],
        [
          400,
          2.4873429983511737
        ],
        [
          600,
          2.4738552488129715
        ],
        [
          800,
          2.4681979563044405
        ],
        [
          1000,
          2.452493681304756
        ],
        [
          1200,
          2.4263414832367296
        ],
        [
          1400,
          2.3362867388232003
        ],
        [
          1600,
          2.3031248004957177
        ],
        [
          1800,
          2.269057256325908
        ],
        [
          2000,
          2.2161634362977125
        ],
        [
          2200,
          2.165357910353562
        ],
        [
          2400,
          2.121594585221389
        ],
        [
          2600,
          2.0959667808708105
        ],
        [
          2800,
          2.067206210651617
        ],
        [
          3000,
          2.0391018916820656
        ],
        [
          3200,
          2.022000077675129
        ],
        [
          3400,
          2.004126436408909
        ],
        [
          3600,
          1.983459011165575
        ],
        [
          3800,
          1.9775714879748465
        ],
        [
          4000,
          1.9679774503598269
        ],
        [
          4200,
          1.9600319347162356
        ],
        [
          4400,
          1.9486790865317158
        ],
        [
          4600,
          1.93724609955974
        ],
        [
          4800,
          1.9262957578417899
        ],
        [
          5000,
          1.910006405841345
        ]
      ],
      "lr": 0.001,
      "seed": 1,
      "steps": 5000,
      "tokens_per_second": 144377.81298660286,
      "parameter_count": 2213965
    },
    {
      "name": "activation-fourier",
      "variant": "activation",
      "compiled": false,
      "activation_kwargs": {
        "a": 0.0,
        "b": 1.0,
        "c": 0.0,
        "bias_init": 0.1,
        "residual_mix": 0.0,
        "dense_threshold": 128,
        "normalization": "unitary",
        "unitary_projection": false
      },
      "linear_kwargs": {
        "inverse_after_multiply": false,
        "normalization": "unitary",
        "unitary_projection": false,
        "use_triton_kernels": true,
        "direct_fourier_backend": "fft"
      },
      "initial_val_loss": 4.336557233744654,
      "final_train_loss": 2.0374037623405457,
      "final_val_loss": 2.1193503588095477,
      "best_val_loss": 2.1193503588095477,
      "best_val_step": 5000,
      "val_history": [
        [
          200,
          2.4967885198264286
        ],
        [
          400,
          2.4418623370685797
        ],
        [
          600,
          2.391142158398683
        ],
        [
          800,
          2.3675298345500027
        ],
        [
          1000,
          2.363064711669396
        ],
        [
          1200,
          2.3359963455419432
        ],
        [
          1400,
          2.3218287144584218
        ],
        [
          1600,
          2.3005228946948875
        ],
        [
          1800,
          2.266885280061042
        ],
        [
          2000,
          2.2733798695706775
        ],
        [
          2200,
          2.2572477450315978
        ],
        [
          2400,
          2.246545187632243
        ],
        [
          2600,
          2.2440677352335263
        ],
        [
          2800,
          2.241834863026937
        ],
        [
          3000,
          2.228787872709077
        ],
        [
          3200,
          2.2205298714254096
        ],
        [
          3400,
          2.2175026959386366
        ],
        [
          3600,
          2.204897916179964
        ],
        [
          3800,
          2.1932367505698367
        ],
        [
          4000,
          2.1881130941982927
        ],
        [
          4200,
          2.1740660640015
        ],
        [
          4400,
          2.153892153707044
        ],
        [
          4600,
          2.1449701051602417
        ],
        [
          4800,
          2.127890091380854
        ],
        [
          5000,
          2.1193503588095477
        ]
      ],
      "lr": 0.001,
      "seed": 1,
      "steps": 5000,
      "tokens_per_second": 112541.83953785939,
      "parameter_count": 3260501
    },
    {
      "name": "baseline",
      "variant": "baseline",
      "compiled": false,
      "activation_kwargs": {
        "normalization": "unitary",
        "unitary_projection": false
      },
      "linear_kwargs": {
        "inverse_after_multiply": false,
        "normalization": "unitary",
        "unitary_projection": false,
        "use_triton_kernels": true,
        "direct_fourier_backend": "fft"
      },
      "initial_val_loss": 4.3781750394009995,
      "final_train_loss": 2.1604737043380737,
      "final_val_loss": 2.227838774933212,
      "best_val_loss": 2.225525611022423,
      "best_val_step": 4400,
      "val_history": [
        [
          200,
          2.482195672769656
        ],
        [
          400,
          2.459895099442581
        ],
        [
          600,
          2.3586047408224524
        ],
        [
          800,
          2.3375240775360457
        ],
        [
          1000,
          2.3191350936889648
        ],
        [
          1200,
          2.3114601381893816
        ],
        [
          1400,
          2.3052193416946234
        ],
        [
          1600,
          2.2997550991759903
        ],
        [
          1800,
          2.2854000721854724
        ],
        [
          2000,
          2.2787459088468003
        ],
        [
          2200,
          2.292762732231754
        ],
        [
          2400,
          2.2856486835698973
        ],
        [
          2600,
          2.2873771048140252
        ],
        [
          2800,
          2.2724068208672534
        ],
        [
          3000,
          2.258535994058368
        ],
        [
          3200,
          2.274357544690713
        ],
        [
          3400,
          2.2511221776063417
        ],
        [
          3600,
          2.2511576060591074
        ],
        [
          3800,
          2.242504877331613
        ],
        [
          4000,
          2.2329981009165447
        ],
        [
          4200,
          2.2358503604757374
        ],
        [
          4400,
          2.225525611022423
        ],
        [
          4600,
          2.241616931454889
        ],
        [
          4800,
          2.2500193530115586
        ],
        [
          5000,
          2.227838774933212
        ]
      ],
      "lr": 0.001,
      "seed": 1,
      "steps": 5000,
      "tokens_per_second": 168849.52795095774,
      "parameter_count": 3258433
    }
  ]
}
