{
  "device": "mps",
  "repo_dir": "/Users/alokbeniwal/nanogpt",
  "config": {
    "steps": 2000,
    "eval_iters": 8,
    "batch_size": 64,
    "seq_len": 256,
    "n_layers": 4,
    "n_heads": 4,
    "embed_dim": 212,
    "dropout": 0.2,
    "vocab_size": 65,
    "lr": 0.001,
    "weight_decay": 0.0,
    "normalization": "unitary",
    "inverse_after_multiply": true,
    "unitary_projection": false
  },
  "results": [
    {
      "name": "baseline",
      "variant": "baseline",
      "compiled": false,
      "activation_kwargs": {
        "normalization": "unitary",
        "unitary_projection": false
      },
      "linear_kwargs": {
        "inverse_after_multiply": true,
        "normalization": "unitary",
        "unitary_projection": false,
        "use_triton_kernels": true,
        "direct_fourier_backend": "fft"
      },
      "initial_val_loss": 4.3690690785988995,
      "final_train_loss": 2.0856799483299255,
      "final_val_loss": 2.1672380359693504,
      "best_val_loss": 2.1651698408455684,
      "best_val_step": 1900,
      "val_history": [
        [
          100,
          2.4972128632424893
        ],
        [
          200,
          2.4815137221895416
        ],
        [
          300,
          2.4727163956083102
        ],
        [
          400,
          2.4624440609723672
        ],
        [
          500,
          2.4048955363788824
        ],
        [
          600,
          2.363253657023112
        ],
        [
          700,
          2.333644955185638
        ],
        [
          800,
          2.317569532065556
        ],
        [
          900,
          2.287483082694569
        ],
        [
          1000,
          2.283008868666901
        ],
        [
          1100,
          2.268794994792719
        ],
        [
          1200,
          2.256754444385397
        ],
        [
          1300,
          2.242362474024981
        ],
        [
          1400,
          2.2326258061946125
        ],
        [
          1500,
          2.216075725665038
        ],
        [
          1600,
          2.217472479261201
        ],
        [
          1700,
          2.2006777259125108
        ],
        [
          1800,
          2.1883898121187055
        ],
        [
          1900,
          2.1651698408455684
        ],
        [
          2000,
          2.1672380359693504
        ]
      ],
      "lr": 0.001,
      "seed": 2,
      "steps": 2000,
      "tokens_per_second": 197820.6135101385,
      "parameter_count": 2250657
    }
  ]
}
