{
  "device": "mps",
  "repo_dir": "/Users/alokbeniwal/nanogpt",
  "config": {
    "steps": 2000,
    "eval_iters": 8,
    "batch_size": 64,
    "seq_len": 256,
    "n_layers": 4,
    "n_heads": 4,
    "embed_dim": 256,
    "dropout": 0.2,
    "vocab_size": 65,
    "lr": 0.001,
    "weight_decay": 0.0,
    "normalization": "unitary",
    "inverse_after_multiply": false,
    "unitary_projection": false
  },
  "results": [
    {
      "name": "baseline",
      "variant": "baseline",
      "compiled": false,
      "activation_kwargs": {
        "normalization": "unitary",
        "unitary_projection": false
      },
      "linear_kwargs": {
        "inverse_after_multiply": false,
        "normalization": "unitary",
        "unitary_projection": false,
        "use_triton_kernels": true,
        "direct_fourier_backend": "fft"
      },
      "initial_val_loss": 4.3047655894838535,
      "final_train_loss": 2.148306578397751,
      "final_val_loss": 2.204418185661579,
      "best_val_loss": 2.204418185661579,
      "best_val_step": 2000,
      "val_history": [
        [
          100,
          2.4956317030150315
        ],
        [
          200,
          2.482943965100694
        ],
        [
          300,
          2.4759702945577686
        ],
        [
          400,
          2.4444294523918764
        ],
        [
          500,
          2.3800566640393486
        ],
        [
          600,
          2.3629807609251174
        ],
        [
          700,
          2.3386462425363477
        ],
        [
          800,
          2.3135289773173717
        ],
        [
          900,
          2.306814109319928
        ],
        [
          1000,
          2.303825186586928
        ],
        [
          1100,
          2.300694093484988
        ],
        [
          1200,
          2.2861742145713717
        ],
        [
          1300,
          2.2879426369721862
        ],
        [
          1400,
          2.2740695158640545
        ],
        [
          1500,
          2.2432106100279707
        ],
        [
          1600,
          2.238437371418394
        ],
        [
          1700,
          2.2268814870680886
        ],
        [
          1800,
          2.2153937756330118
        ],
        [
          1900,
          2.205377033935196
        ],
        [
          2000,
          2.204418185661579
        ]
      ],
      "lr": 0.001,
      "seed": 4,
      "steps": 2000,
      "tokens_per_second": 168476.342446017,
      "parameter_count": 3258433
    },
    {
      "name": "linear-frft45",
      "variant": "linear",
      "compiled": false,
      "activation_kwargs": {
        "normalization": "unitary",
        "unitary_projection": false
      },
      "linear_kwargs": {
        "a": 0.7071067811865476,
        "b": 0.7071067811865475,
        "c": -0.7071067811865475,
        "dense_threshold": 32,
        "inverse_after_multiply": false,
        "normalization": "unitary",
        "unitary_projection": false,
        "use_triton_kernels": true,
        "direct_fourier_backend": "fft"
      },
      "initial_val_loss": 4.323028231215203,
      "final_train_loss": 2.2290143966674805,
      "final_val_loss": 2.282322302631948,
      "best_val_loss": 2.282322302631948,
      "best_val_step": 2000,
      "val_history": [
        [
          100,
          2.502824847451572
        ],
        [
          200,
          2.4884369576114347
        ],
        [
          300,
          2.4777859254815113
        ],
        [
          400,
          2.4810099634630927
        ],
        [
          500,
          2.4737798838779845
        ],
        [
          600,
          2.472020726368345
        ],
        [
          700,
          2.466282801244451
        ],
        [
          800,
          2.458623538072082
        ],
        [
          900,
          2.455375306359653
        ],
        [
          1000,
          2.4521048255350397
        ],
        [
          1100,
          2.4456293593878033
        ],
        [
          1200,
          2.4288949862293814
        ],
        [
          1300,
          2.421044046029277
        ],
        [
          1400,
          2.4052405275147537
        ],
        [
          1500,
          2.3539422490130897
        ],
        [
          1600,
          2.333524130130636
        ],
        [
          1700,
          2.329570487997998
        ],
        [
          1800,
          2.3092778129139164
        ],
        [
          1900,
          2.298854757725507
        ],
        [
          2000,
          2.282322302631948
        ]
      ],
      "lr": 0.001,
      "seed": 4,
      "steps": 2000,
      "tokens_per_second": 101871.25710975929,
      "parameter_count": 2213965
    },
    {
      "name": "linear-frft30",
      "variant": "linear",
      "compiled": false,
      "activation_kwargs": {
        "normalization": "unitary",
        "unitary_projection": false
      },
      "linear_kwargs": {
        "a": 0.8660254037844387,
        "b": 0.49999999999999994,
        "c": -0.49999999999999994,
        "dense_threshold": 32,
        "inverse_after_multiply": false,
        "normalization": "unitary",
        "unitary_projection": false,
        "use_triton_kernels": true,
        "direct_fourier_backend": "fft"
      },
      "initial_val_loss": 4.296365262174058,
      "final_train_loss": 2.3234748244285583,
      "final_val_loss": 2.37292806197857,
      "best_val_loss": 2.369329190528256,
      "best_val_step": 1900,
      "val_history": [
        [
          100,
          2.5058908720126096
        ],
        [
          200,
          2.490590301601366
        ],
        [
          300,
          2.4813294871100062
        ],
        [
          400,
          2.4806277823174137
        ],
        [
          500,
          2.467715137306301
        ],
        [
          600,
          2.4637556037683597
        ],
        [
          700,
          2.4439766237105447
        ],
        [
          800,
          2.4188403425545526
        ],
        [
          900,
          2.4145770149669428
        ],
        [
          1000,
          2.413391142878039
        ],
        [
          1100,
          2.4115983732815445
        ],
        [
          1200,
          2.399515860656212
        ],
        [
          1300,
          2.4028650048135343
        ],
        [
          1400,
          2.4003720908329407
        ],
        [
          1500,
          2.3852324825593794
        ],
        [
          1600,
          2.3863597963048124
        ],
        [
          1700,
          2.3864796227422254
        ],
        [
          1800,
          2.3823370867762073
        ],
        [
          1900,
          2.369329190528256
        ],
        [
          2000,
          2.37292806197857
        ]
      ],
      "lr": 0.001,
      "seed": 4,
      "steps": 2000,
      "tokens_per_second": 101259.64814929976,
      "parameter_count": 2213965
    },
    {
      "name": "linear-fourier",
      "variant": "linear",
      "compiled": false,
      "activation_kwargs": {
        "normalization": "unitary",
        "unitary_projection": false
      },
      "linear_kwargs": {
        "a": 0.0,
        "b": 1.0,
        "c": 0.0,
        "dense_threshold": 32,
        "inverse_after_multiply": false,
        "normalization": "unitary",
        "unitary_projection": false,
        "use_triton_kernels": true,
        "direct_fourier_backend": "fft"
      },
      "initial_val_loss": 4.284972384880329,
      "final_train_loss": 2.39494651556015,
      "final_val_loss": 2.434629807527038,
      "best_val_loss": 2.434629807527038,
      "best_val_step": 2000,