{
  "device": "mps",
  "repo_dir": "/Users/alokbeniwal/nanogpt",
  "config": {
    "steps": 2000,
    "eval_iters": 8,
    "batch_size": 64,
    "seq_len": 256,
    "n_layers": 4,
    "n_heads": 4,
    "embed_dim": 256,
    "dropout": 0.2,
    "vocab_size": 65,
    "lr": 0.01,
    "weight_decay": 0.0,
    "normalization": "unitary",
    "inverse_after_multiply": true,
    "unitary_projection": false
  },
  "results": [
    {
      "name": "baseline",
      "variant": "baseline",
      "compiled": false,
      "activation_kwargs": {
        "normalization": "unitary",
        "unitary_projection": false
      },
      "linear_kwargs": {
        "inverse_after_multiply": true,
        "normalization": "unitary",
        "unitary_projection": false,
        "use_triton_kernels": true,
        "direct_fourier_backend": "fft"
      },
      "initial_val_loss": 4.336400550535355,
      "final_train_loss": 1.2257439941167831,
      "final_val_loss": 1.5119177492185571,
      "best_val_loss": 1.5119177492185571,
      "best_val_step": 2000,
      "val_history": [
        [
          200,
          2.099857277705752,
          19.288281291956082
        ],
        [
          400,
          1.8514569288012626,
          38.38211841695011
        ],
        [
          600,
          1.7507169145277177,
          57.52077400078997
        ],
        [
          800,
          1.692253005367586,
          76.50826166779734
        ],
        [
          1000,
          1.6489432197877731,
          95.69277275190689
        ],
        [
          1200,
          1.5869516493260176,
          114.86446208576672
        ],
        [
          1400,
          1.5598748440029977,
          134.08099641883746
        ],
        [
          1600,
          1.5337570357596737,
          153.38164012786
        ],
        [
          1800,
          1.5203098401255992,
          172.78426408581436
        ],
        [
          2000,
          1.5119177492185571,
          192.18793358583935
        ]
      ],
      "lr": 0.01,
      "lr_schedule": "cosine",
      "warmup_steps": 100,
      "attn_scaling": true,
      "data_path": null,
      "seed": 1337,
      "steps": 2000,
      "tokens_per_second": 170499.7779445108,
      "parameter_count": 3258433
    }
  ]
}
