{
  "device": "mps",
  "repo_dir": "/Users/alokbeniwal/nanogpt",
  "config": {
    "steps": 5000,
    "eval_iters": 8,
    "batch_size": 64,
    "seq_len": 256,
    "n_layers": 4,
    "n_heads": 4,
    "embed_dim": 256,
    "dropout": 0.2,
    "vocab_size": 65,
    "lr": 0.005,
    "weight_decay": 0.0,
    "normalization": "unitary",
    "inverse_after_multiply": false,
    "unitary_projection": false
  },
  "results": [
    {
      "name": "baseline",
      "variant": "baseline",
      "compiled": false,
      "activation_kwargs": {
        "normalization": "unitary",
        "unitary_projection": false
      },
      "linear_kwargs": {
        "inverse_after_multiply": false,
        "normalization": "unitary",
        "unitary_projection": false,
        "use_triton_kernels": true,
        "direct_fourier_backend": "fft"
      },
      "initial_val_loss": 4.377280752686248,
      "final_train_loss": 0.9141692966222763,
      "final_val_loss": 1.5478126923243205,
      "best_val_loss": 1.478653951622974,
      "best_val_step": 2400,
      "val_history": [
        [
          200,
          2.036269272332904,
          18.164963125018403
        ],
        [
          400,
          1.7349508282782018,
          36.30725679197349
        ],
        [
          600,
          1.627513223132868,
          54.484172750031576
        ],
        [
          800,
          1.581610522050967,
          72.54456075001508
        ],
        [
          1000,
          1.5359713685923608,
          90.70961125008762
        ],
        [
          1200,
          1.514588618004459,
          108.97421370912343
        ],
        [
          1400,
          1.5087786041457079,
          127.1210283760447
        ],
        [
          1600,
          1.4922641729486399,
          145.45248066820204
        ],
        [
          1800,
          1.4907376377061865,
          163.8745154181961
        ],
        [
          2000,
          1.4964709791643866,
          182.54172687605023
        ],
        [
          2200,
          1.483107694264116,
          201.45509654306807
        ],
        [
          2400,
          1.478653951622974,
          220.4955768340733
        ],
        [
          2600,
          1.4889083667733203,
          239.68628149991855
        ],
        [
          2800,
          1.4873516806240739,
          259.0113821660634
        ],
        [
          3000,
          1.4941452410029268,
          278.2727192910388
        ],
        [
          3200,
          1.4972521006375894,
          297.70001916610636
        ],
        [
          3400,
          1.5060433467229208,
          317.13301416602917
        ],
        [
          3600,
          1.5076196599280698,
          336.56480879103765
        ],
        [
          3800,
          1.5139018941199642,
          356.0374789580237
        ],
        [
          4000,
          1.518602809412726,
          375.5144106252119
        ],
        [
          4200,
          1.5283074905132426,
          395.00567637523636
        ],
        [
          4400,
          1.531161657969157,
          414.4085648751352
        ],
        [
          4600,
          1.5359147992627373,
          433.7259254581295
        ],
        [
          4800,
          1.5452373118236147,
          453.19122362532653
        ],
        [
          5000,
          1.5478126923243205,
          472.61781658418477
        ]
      ],
      "lr": 0.005,
      "lr_schedule": "cosine",
      "warmup_steps": 100,
      "attn_scaling": true,
      "data_path": null,
      "seed": 1,
      "steps": 5000,
      "tokens_per_second": 173332.4414049212,
      "parameter_count": 3258433
    },
    {
      "name": "linear-fourier",
      "variant": "linear",
      "compiled": false,
      "activation_kwargs": {
        "normalization": "unitary",
        "unitary_projection": false
      },
      "linear_kwargs": {
        "a": 0.0,
        "b": 1.0,
        "c": 0.0,
        "dense_threshold": 32,
        "inverse_after_multiply": false,
        "normalization": "unitary",
        "unitary_projection": false,
        "use_triton_kernels": true,
        "direct_fourier_backend": "fft"
      },
      "initial_val_loss": 4.374052080614813,
      "final_train_loss": 1.1844104528427124,
      "final_val_loss": 1.499781828639151,
      "best_val_loss": 1.4976676853223778,
      "best_val_step": 4800,
      "val_history": [
        [
          200,
          2.4096304696181723,
          22.309576916974038
        ],
        [
          400,
          1.90690579688412,
          44.94167675008066
        ],
        [
          600,
          1.7678626057745397,
          67.48573670815676
        ],
        [
          800,
          1.692902658725607,
          90.05728595820256
        ],
        [
          1000,
          1.6510847286246289,
          112.55573825025931
        ],
        [
          1200,
          1.6222530710286107,
          135.0669447502587
        ],
        [
          1400,
          1.6040555392188587,
          157.7246217923239
        ],
        [
          1600,
          1.5777597915167096,
          180.29293054225855
        ],
        [
          1800,
          1.5742818155507932,
          202.6624114594888
        ],
        [
          2000,
          1.5631804597788843,
          225.02528708451428
        ],
        [
          2200,
          1.5519323272266607,
          247.43565300153568
        ],
        [
          2400,
          1.5442905124576611,
          269.85968175157905
        ],
        [
          2600,
          1.5313572987742807,
          292.17312566866167
        ],
        [
          2800,
          1.5281943787103411,
          314.5688515435904
        ],
        [
          3000,
          1.5245310665547163,
          336.93443033564836
        ],
        [
          3200,
          1.5225771468261193,
          359.32590446062386
        ],
        [
          3400,
          1.517552681900989,
          381.65983054367825
        ],
        [
          3600,
          1.5118952986837804,
          403.9817692525685
        ],
        [
          3800,
          1.512633359021154,
          426.27070829458535
        ],
        [
          4000,
          1.503160351994394,
          448.6284704194404
        ],
        [
          4200,
          1.5094539579303785,
          470.950521502411
        ],
        [
          4400,
          1.5015075014925552,
          493.29521287744865
        ],
        [
          4600,
          1.4979614805901187,
          515.5792985444423
        ],
        [
          4800,
          1.4976676853223778,
          537.8548711694311
        ],
        [
          5000,
          1.499781828639151,
          560.1466389193665
        ]
      ],
      "lr": 0.005,
      "lr_schedule": "cosine",
      "warmup_steps": 100,
      "attn_scaling": true,
      "data_path": null,
      "seed": 1,
      "steps": 5000,
      "tokens_per_second": 146247.41863673387,
      "parameter_count": 2213965
    },
    {
      "name": "activation-fourier",
      "variant": "activation",
      "compiled": false,
      "activation_kwargs": {
        "a": 0.0,
        "b": 1.0,
        "c": 0.0,
        "bias_init": 0.1,
        "residual_mix": 0.0,
        "dense_threshold": 128,
        "normalization": "unitary",
        "unitary_projection": false
      },
      "linear_kwargs": {
        "inverse_after_multiply": false,
        "normalization": "unitary",
        "unitary_projection": false,
        "use_triton_kernels": true,
        "direct_fourier_backend": "fft"
      },
      "initial_val_loss": 4.339070629251414,
      "final_train_loss": 1.0799429565668106,
      "final_val_loss": 1.510980312303565,
      "best_val_loss": 1.5078463019995854,
      "best_val_step": 4400,