{
  "device": "mps",
  "repo_dir": "/Users/alokbeniwal/nanogpt",
  "config": {
    "steps": 2000,
    "eval_iters": 8,
    "batch_size": 64,
    "seq_len": 256,
    "n_layers": 4,
    "n_heads": 4,
    "embed_dim": 256,
    "dropout": 0.2,
    "vocab_size": 65,
    "lr": 0.005,
    "weight_decay": 0.0,
    "normalization": "unitary",
    "inverse_after_multiply": false,
    "unitary_projection": false
  },
  "results": [
    {
      "name": "baseline",
      "variant": "baseline",
      "compiled": false,
      "activation_kwargs": {
        "normalization": "unitary",
        "unitary_projection": false
      },
      "linear_kwargs": {
        "inverse_after_multiply": false,
        "normalization": "unitary",
        "unitary_projection": false,
        "use_triton_kernels": true,
        "direct_fourier_backend": "fft"
      },
      "initial_val_loss": 4.384838070266548,
      "final_train_loss": 1.1254873871803284,
      "final_val_loss": 1.4628637363170756,
      "best_val_loss": 1.4628637363170756,
      "best_val_step": 2000,
      "val_history": [
        [
          100,
          2.5082980484798036,
          9.133396834135056
        ],
        [
          200,
          2.0548045454354122,
          18.78418533410877
        ],
        [
          300,
          1.8396876055618812,
          28.397445084061474
        ],
        [
          400,
          1.7451962550481162,
          38.05855795927346
        ],
        [
          500,
          1.6578283249646768,
          47.74726737639867
        ],
        [
          600,
          1.6273972045416119,
          57.440884709358215
        ],
        [
          700,
          1.5883530734599323,
          67.21728829341009
        ],
        [
          800,
          1.5556967685962546,
          77.1085747515317
        ],
        [
          900,
          1.540511540160782,
          86.75052537652664
        ],
        [
          1000,
          1.521755297156586,
          96.44977746042423
        ],
        [
          1100,
          1.5076617745147354,
          106.12400600127876
        ],
        [
          1200,
          1.4946417575595023,
          115.79152970924042
        ],
        [
          1300,
          1.4845947301250764,
          125.48141912627034
        ],
        [
          1400,
          1.4782925167302976,
          135.24253908428364
        ],
        [
          1500,
          1.472164563474984,
          144.9659541263245
        ],
        [
          1600,
          1.4682104129900877,
          154.66998033435084
        ],
        [
          1700,
          1.4644451379776,
          164.3356751673855
        ],
        [
          1800,
          1.4700279087855899,
          174.0151943343226
        ],
        [
          1900,
          1.4651571986319005,
          183.68534304224886
        ],
        [
          2000,
          1.4628637363170756,
          193.38477995828725
        ]
      ],
      "lr": 0.005,
      "lr_schedule": "cosine",
      "warmup_steps": 100,
      "attn_scaling": true,
      "data_path": null,
      "seed": 3,
      "steps": 2000,
      "tokens_per_second": 169444.565425821,
      "parameter_count": 3258433
    },
    {
      "name": "linear-fourier",
      "variant": "linear",
      "compiled": false,
      "activation_kwargs": {
        "normalization": "unitary",
        "unitary_projection": false
      },
      "linear_kwargs": {
        "a": 0.0,
        "b": 1.0,
        "c": 0.0,
        "dense_threshold": 32,
        "inverse_after_multiply": false,
        "normalization": "unitary",
        "unitary_projection": false,
        "use_triton_kernels": true,
        "direct_fourier_backend": "fft"
      },
      "initial_val_loss": 4.381349019894655,
      "final_train_loss": 1.3356135189533234,
      "final_val_loss": 1.5683789157319343,
      "best_val_loss": 1.5683789157319343,
      "best_val_step": 2000,
      "val_history": [
        [
          100,
          2.492869037321244,
          11.029945167014375
        ],
        [
          200,
          2.2793646834362513,
          22.31151816691272
        ],
        [
          300,
          2.051768028873137,
          33.56444699992426
        ],
        [
          400,
          1.9269514007129889,
          44.83428583294153
        ],
        [
          500,
          1.8284704822233353,
          56.164092123974115
        ],
        [
          600,
          1.7854406271857777,
          67.3917322489433
        ],
        [
          700,
          1.7351455049953242,
          78.67571249883622
        ],
        [
          800,
          1.7114278168513857,
          89.92431533173658
        ],
        [
          900,
          1.6847749526473297,
          101.30398691468872
        ],
        [
          1000,
          1.663730981158114,
          112.73106078989804
        ],
        [
          1100,
          1.6433403330287715,
          124.0004308319185
        ],
        [
          1200,
          1.6253262536279087,
          135.1831646231003
        ],
        [
          1300,
          1.6113649856085064,
          146.39990995707922
        ],
        [
          1400,
          1.5993975074811912,
          157.61879083211534
        ],
        [
          1500,
          1.5921903127911448,
          168.91915574809536
        ],
        [
          1600,
          1.5876263824002497,
          180.12411095621064
        ],
        [
          1700,
          1.579182924073318,
          191.31171537330374
        ],
        [
          1800,
          1.577893789335229,
          202.59777349815704
        ],
        [
          1900,
          1.5709699142938374,
          213.76543220621534
        ],
        [
          2000,
          1.5683789157319343,
          224.92214012215845
        ]
      ],
      "lr": 0.005,
      "lr_schedule": "cosine",
      "warmup_steps": 100,
      "attn_scaling": true,
      "data_path": null,
      "seed": 3,
      "steps": 2000,
      "tokens_per_second": 145685.96929676743,
      "parameter_count": 2213965
    },
    {
      "name": "activation-fourier",
      "variant": "activation",
      "compiled": false,
      "activation_kwargs": {
        "a": 0.0,
        "b": 1.0,
        "c": 0.0,
        "bias_init": 0.1,
        "residual_mix": 0.0,
        "dense_threshold": 128,
        "normalization": "unitary",
        "unitary_projection": false
      },
      "linear_kwargs": {
        "inverse_after_multiply": false,
        "normalization": "unitary",
        "unitary_projection": false,
        "use_triton_kernels": true,
        "direct_fourier_backend": "fft"
      },
      "initial_val_loss": 4.394567435911332,
      "final_train_loss": 1.3863558620214462,
      "final_val_loss": 1.6042068985686906,
      "best_val_loss": 1.6042068985686906,
      "best_val_step": 2000,