{
  "device": "mps",
  "repo_dir": "/Users/alokbeniwal/nanogpt",
  "config": {
    "steps": 5000,
    "eval_iters": 8,
    "batch_size": 64,
    "seq_len": 256,
    "n_layers": 4,
    "n_heads": 4,
    "embed_dim": 256,
    "dropout": 0.2,
    "vocab_size": 65,
    "lr": 0.005,
    "weight_decay": 0.0,
    "normalization": "unitary",
    "inverse_after_multiply": false,
    "unitary_projection": false
  },
  "results": [
    {
      "name": "baseline",
      "variant": "baseline",
      "compiled": false,
      "activation_kwargs": {
        "normalization": "unitary",
        "unitary_projection": false
      },
      "linear_kwargs": {
        "inverse_after_multiply": false,
        "normalization": "unitary",
        "unitary_projection": false,
        "use_triton_kernels": true,
        "direct_fourier_backend": "fft"
      },
      "initial_val_loss": 4.387977118875789,
      "final_train_loss": 0.9066627770662308,
      "final_val_loss": 1.5297906689260197,
      "best_val_loss": 1.4621941166362544,
      "best_val_step": 2400,
      "val_history": [
        [
          200,
          2.0782138429839034,
          18.646844000089914
        ],
        [
          400,
          1.7397636482085306,
          37.75239283312112
        ],
        [
          600,
          1.622552080538081,
          56.90480387513526
        ],
        [
          800,
          1.5645963792143196,
          76.09802908403799
        ],
        [
          1000,
          1.5300998523317535,
          95.32162675121799
        ],
        [
          1200,
          1.5060633015358584,
          114.53417150117457
        ],
        [
          1400,
          1.4924186753130506,
          133.7909502091352
        ],
        [
          1600,
          1.4789173276945091,
          153.0820422922261
        ],
        [
          1800,
          1.4817049774630315,
          172.38039845926687
        ],
        [
          2000,
          1.4675959422670561,
          191.71619770908728
        ],
        [
          2200,
          1.4673421692574162,
          211.00235925009474
        ],
        [
          2400,
          1.4621941166362544,
          230.34200112498365
        ],
        [
          2600,
          1.466704112907936,
          249.61159312492236
        ],
        [
          2800,
          1.4869277586882141,
          268.8586648327764
        ],
        [
          3000,
          1.4793385302883455,
          288.13398233265616
        ],
        [
          3200,
          1.479943390824329,
          307.4768288745545
        ],
        [
          3400,
          1.4805073705212823,
          326.87616791645996
        ],
        [
          3600,
          1.485796551594789,
          346.1773999584839
        ],
        [
          3800,
          1.501954539068814,
          365.53163620852865
        ],
        [
          4000,
          1.5086249905071039,
          384.7984795004595
        ],
        [
          4200,
          1.507242735226949,
          404.1509483754635
        ],
        [
          4400,
          1.5102396057940077,
          423.4776535832789
        ],
        [
          4600,
          1.5254760194098813,
          442.7835390830878
        ],
        [
          4800,
          1.5323269526163736,
          462.070335250115
        ],
        [
          5000,
          1.5297906689260197,
          481.43768700025976
        ]
      ],
      "lr": 0.005,
      "lr_schedule": "cosine",
      "warmup_steps": 100,
      "attn_scaling": true,
      "data_path": null,
      "seed": 2,
      "steps": 5000,
      "tokens_per_second": 170157.01556400134,
      "parameter_count": 3258433
    },
    {
      "name": "linear-fourier",
      "variant": "linear",
      "compiled": false,
      "activation_kwargs": {
        "normalization": "unitary",
        "unitary_projection": false
      },
      "linear_kwargs": {
        "a": 0.0,
        "b": 1.0,
        "c": 0.0,
        "dense_threshold": 32,
        "inverse_after_multiply": false,
        "normalization": "unitary",
        "unitary_projection": false,
        "use_triton_kernels": true,
        "direct_fourier_backend": "fft"
      },
      "initial_val_loss": 4.3473675694958915,
      "final_train_loss": 1.2008080184459686,
      "final_val_loss": 1.4973660364918324,
      "best_val_loss": 1.4953894601471123,
      "best_val_step": 4400,
      "val_history": [
        [
          200,
          2.302105071078772,
          22.136425457894802
        ],
        [
          400,
          1.9595209044971684,
          44.49059920781292
        ],
        [
          600,
          1.7949789250034025,
          66.9412907906808
        ],
        [
          800,
          1.724441086286786,
          89.42543712374754
        ],
        [
          1000,
          1.6756827151638338,
          111.84418816585094
        ],
        [
          1200,
          1.6413851474893504,
          134.14559316588566
        ],
        [
          1400,
          1.6166503144406725,
          156.5245445407927
        ],
        [
          1600,
          1.5928831459461958,
          178.8657455407083
        ],
        [
          1800,
          1.5885469401019743,
          201.13733924855478
        ],
        [
          2000,
          1.5669335962712079,
          223.38803966459818
        ],
        [
          2200,
          1.5517366949169116,
          245.69096624758095
        ],
        [
          2400,
          1.538316211481204,
          267.98133041360416
        ],
        [
          2600,
          1.5380652378345359,
          290.20351678854786
        ],
        [
          2800,
          1.5376183901710072,
          312.4382074964233
        ],
        [
          3000,
          1.523547367391915,
          334.6422800384462
        ],
        [
          3200,
          1.5167348239613676,
          356.8822464544792
        ],
        [
          3400,
          1.513617365935753,
          379.0719212044496
        ],
        [
          3600,
          1.5134284874488568,
          401.25659053749405
        ],
        [
          3800,
          1.511723263236298,
          423.54449157835916
        ],
        [
          4000,
          1.508165639844434,
          445.797171828337
        ],
        [
          4200,
          1.5036116361618042,
          467.9816269944422
        ],
        [
          4400,
          1.4953894601471123,
          490.19186957739294
        ],
        [
          4600,
          1.5020005897543895,
          512.4397355355322
        ],
        [
          4800,
          1.5011134747801156,
          534.6706132853869
        ],
        [
          5000,
          1.4973660364918324,
          556.8692786183674
        ]
      ],
      "lr": 0.005,
      "lr_schedule": "cosine",
      "warmup_steps": 100,
      "attn_scaling": true,
      "data_path": null,
      "seed": 2,
      "steps": 5000,
      "tokens_per_second": 147108.1331748977,
      "parameter_count": 2213965
    },
    {
      "name": "activation-fourier",
      "variant": "activation",
      "compiled": false,
      "activation_kwargs": {
        "a": 0.0,
        "b": 1.0,
        "c": 0.0,
        "bias_init": 0.1,
        "residual_mix": 0.0,
        "dense_threshold": 128,
        "normalization": "unitary",
        "unitary_projection": false
      },
      "linear_kwargs": {
        "inverse_after_multiply": false,
        "normalization": "unitary",
        "unitary_projection": false,
        "use_triton_kernels": true,
        "direct_fourier_backend": "fft"
      },
      "initial_val_loss": 4.380386872127138,
      "final_train_loss": 1.046678051352501,
      "final_val_loss": 1.5109616197388747,
      "best_val_loss": 1.5013432480823035,
      "best_val_step": 3400,