{
  "device": "mps",
  "repo_dir": "/Users/alokbeniwal/nanogpt",
  "config": {
    "steps": 2000,
    "eval_iters": 8,
    "batch_size": 64,
    "seq_len": 256,
    "n_layers": 4,
    "n_heads": 4,
    "embed_dim": 256,
    "dropout": 0.2,
    "vocab_size": 65,
    "lr": 0.005,
    "weight_decay": 0.0,
    "normalization": "unitary",
    "inverse_after_multiply": false,
    "unitary_projection": false
  },
  "results": [
    {
      "name": "baseline",
      "variant": "baseline",
      "compiled": false,
      "activation_kwargs": {
        "normalization": "unitary",
        "unitary_projection": false
      },
      "linear_kwargs": {
        "inverse_after_multiply": false,
        "normalization": "unitary",
        "unitary_projection": false,
        "use_triton_kernels": true,
        "direct_fourier_backend": "fft"
      },
      "initial_val_loss": 4.387977118875789,
      "final_train_loss": 1.1297942250967026,
      "final_val_loss": 1.4546895912323874,
      "best_val_loss": 1.4546895912323874,
      "best_val_step": 2000,
      "val_history": [
        [
          100,
          2.4821868797828412,
          9.276336916023865
        ],
        [
          200,
          2.077680768637822,
          18.997119791107252
        ],
        [
          300,
          1.8738870511109802,
          28.755394374020398
        ],
        [
          400,
          1.7370880496912988,
          38.49662095820531
        ],
        [
          500,
          1.6621457549347274,
          48.245472208131105
        ],
        [
          600,
          1.6133709987004599,
          58.00975725008175
        ],
        [
          700,
          1.5697969417462403,
          67.75470116711222
        ],
        [
          800,
          1.5530907302067198,
          77.5223713342566
        ],
        [
          900,
          1.535447582979312,
          87.3505307934247
        ],
        [
          1000,
          1.5207154904288807,
          97.16400150139816
        ],
        [
          1100,
          1.5033773449645644,
          106.92694537644275
        ],
        [
          1200,
          1.4967480881460782,
          116.65386908547953
        ],
        [
          1300,
          1.4881030704783298,
          126.375018294435
        ],
        [
          1400,
          1.475805383441092,
          136.06270433636382
        ],
        [
          1500,
          1.4685067861929708,
          145.7473591703456
        ],
        [
          1600,
          1.4653124025498314,
          155.56276096147485
        ],
        [
          1700,
          1.4663057713673033,
          165.32536162738688
        ],
        [
          1800,
          1.4642330824643717,
          175.02273116935976
        ],
        [
          1900,
          1.457891366673612,
          184.7913878352847
        ],
        [
          2000,
          1.4546895912323874,
          194.4868008773774
        ]
      ],
      "lr": 0.005,
      "lr_schedule": "cosine",
      "warmup_steps": 100,
      "attn_scaling": true,
      "data_path": null,
      "seed": 2,
      "steps": 2000,
      "tokens_per_second": 168484.44137173094,
      "parameter_count": 3258433
    },
    {
      "name": "linear-fourier",
      "variant": "linear",
      "compiled": false,
      "activation_kwargs": {
        "normalization": "unitary",
        "unitary_projection": false
      },
      "linear_kwargs": {
        "a": 0.0,
        "b": 1.0,
        "c": 0.0,
        "dense_threshold": 32,
        "inverse_after_multiply": false,
        "normalization": "unitary",
        "unitary_projection": false,
        "use_triton_kernels": true,
        "direct_fourier_backend": "fft"
      },
      "initial_val_loss": 4.3473675694958915,
      "final_train_loss": 1.3405356407165527,
      "final_val_loss": 1.5707018471312248,
      "best_val_loss": 1.5707018471312248,
      "best_val_step": 2000,
      "val_history": [
        [
          100,
          2.522381129210023,
          11.045803666114807
        ],
        [
          200,
          2.270117282319343,
          22.353936749044806
        ],
        [
          300,
          2.0718556782294963,
          33.99998616613448
        ],
        [
          400,
          1.9493122544781916,
          45.25295020802878
        ],
        [
          500,
          1.85896329770143,
          56.58021366712637
        ],
        [
          600,
          1.7825008474547288,
          67.86975687509403
        ],
        [
          700,
          1.7431575879283334,
          79.17127033299766
        ],
        [
          800,
          1.718456893405695,
          90.4266711671371
        ],
        [
          900,
          1.6930710362291883,
          101.69693891727366
        ],
        [
          1000,
          1.6705317850770622,
          112.90595962526277
        ],
        [
          1100,
          1.639470450357459,
          124.1364155842457
        ],
        [
          1200,
          1.638112965397451,
          135.45697937626392
        ],
        [
          1300,
          1.6277144632120242,
          146.68264033435844
        ],
        [
          1400,
          1.614666379731277,
          157.87167629227042
        ],
        [
          1500,
          1.5996462884990648,
          169.1901767924428
        ],
        [
          1600,
          1.5968183142015304,
          180.68331116740592
        ],
        [
          1700,
          1.5882241849241585,
          192.30864912550896
        ],
        [
          1800,
          1.5812707865375213,
          203.7969909585081
        ],
        [
          1900,
          1.5765711883018756,
          215.28077291650698
        ],
        [
          2000,
          1.5707018471312248,
          226.7745724574197
        ]
      ],
      "lr": 0.005,
      "lr_schedule": "cosine",
      "warmup_steps": 100,
      "attn_scaling": true,
      "data_path": null,
      "seed": 2,
      "steps": 2000,
      "tokens_per_second": 144495.91788405942,
      "parameter_count": 2213965
    },
    {
      "name": "activation-fourier",
      "variant": "activation",
      "compiled": false,
      "activation_kwargs": {
        "a": 0.0,
        "b": 1.0,
        "c": 0.0,
        "bias_init": 0.1,
        "residual_mix": 0.0,
        "dense_threshold": 128,
        "normalization": "unitary",
        "unitary_projection": false
      },
      "linear_kwargs": {
        "inverse_after_multiply": false,
        "normalization": "unitary",
        "unitary_projection": false,
        "use_triton_kernels": true,
        "direct_fourier_backend": "fft"
      },
      "initial_val_loss": 4.380386872127138,
      "final_train_loss": 1.3687334060668945,
      "final_val_loss": 1.5869938527030507,
      "best_val_loss": 1.5869938527030507,
      "best_val_step": 2000,