{
  "device": "mps",
  "repo_dir": "/Users/alokbeniwal/nanogpt",
  "config": {
    "steps": 2000,
    "eval_iters": 8,
    "batch_size": 64,
    "seq_len": 256,
    "n_layers": 4,
    "n_heads": 4,
    "embed_dim": 256,
    "dropout": 0.2,
    "vocab_size": 65,
    "lr": 0.005,
    "weight_decay": 0.0,
    "normalization": "unitary",
    "inverse_after_multiply": false,
    "unitary_projection": false
  },
  "results": [
    {
      "name": "baseline",
      "variant": "baseline",
      "compiled": false,
      "activation_kwargs": {
        "normalization": "unitary",
        "unitary_projection": false
      },
      "linear_kwargs": {
        "inverse_after_multiply": false,
        "normalization": "unitary",
        "unitary_projection": false,
        "use_triton_kernels": true,
        "direct_fourier_backend": "fft"
      },
      "initial_val_loss": 4.3183127348450405,
      "final_train_loss": 1.138329803943634,
      "final_val_loss": 1.4653375420077093,
      "best_val_loss": 1.4653375420077093,
      "best_val_step": 2000,
      "val_history": [
        [
          100,
          2.4847275997030325,
          9.194554625079036
        ],
        [
          200,
          2.0861882642767897,
          18.830193125177175
        ],
        [
          300,
          1.8424833163447765,
          28.433917083078995
        ],
        [
          400,
          1.7292625451910084,
          38.05042383307591
        ],
        [
          500,
          1.6852047221413975,
          47.66835741698742
        ],
        [
          600,
          1.6325121676784822,
          57.28566104196943
        ],
        [
          700,
          1.582757074257423,
          66.95572345796973
        ],
        [
          800,
          1.5557940477612375,
          76.629951832816
        ],
        [
          900,
          1.531122698180977,
          86.33047645795159
        ],
        [
          1000,
          1.5229426589505426,
          95.97960304189473
        ],
        [
          1100,
          1.5100150108337402,
          105.62713616690598
        ],
        [
          1200,
          1.4980744090573541,
          115.28176379203796
        ],
        [
          1300,
          1.4920508609420953,
          124.9513912089169
        ],
        [
          1400,
          1.4914356067262846,
          134.6445518338587
        ],
        [
          1500,
          1.4833368358940913,
          144.30119612603448
        ],
        [
          1600,
          1.4748495222508222,
          153.9733974179253
        ],
        [
          1700,
          1.468122186057869,
          163.7489459598437
        ],
        [
          1800,
          1.4676443283585296,
          173.44780650176108
        ],
        [
          1900,
          1.4676714708065164,
          183.1650832106825
        ],
        [
          2000,
          1.4653375420077093,
          192.88185483566485
        ]
      ],
      "lr": 0.005,
      "lr_schedule": "cosine",
      "warmup_steps": 100,
      "attn_scaling": true,
      "data_path": null,
      "seed": 4,
      "steps": 2000,
      "tokens_per_second": 169886.37955560052,
      "parameter_count": 3258433
    },
    {
      "name": "linear-fourier",
      "variant": "linear",
      "compiled": false,
      "activation_kwargs": {
        "normalization": "unitary",
        "unitary_projection": false
      },
      "linear_kwargs": {
        "a": 0.0,
        "b": 1.0,
        "c": 0.0,
        "dense_threshold": 32,
        "inverse_after_multiply": false,
        "normalization": "unitary",
        "unitary_projection": false,
        "use_triton_kernels": true,
        "direct_fourier_backend": "fft"
      },
      "initial_val_loss": 4.295482478744682,
      "final_train_loss": 1.332532525062561,
      "final_val_loss": 1.560403127231817,
      "best_val_loss": 1.560403127231817,
      "best_val_step": 2000,
      "val_history": [
        [
          100,
          2.5025610600394765,
          10.9621089999564
        ],
        [
          200,
          2.3549574068222925,
          22.18873675004579
        ],
        [
          300,
          2.058106974349625,
          33.45257570920512
        ],
        [
          400,
          1.9227464889657908,
          44.78092370904051
        ],
        [
          500,
          1.8344813223542837,
          56.05662579298951
        ],
        [
          600,
          1.7677486151114277,
          67.33744137594476
        ],
        [
          700,
          1.7305816154370364,
          78.5661773760803
        ],
        [
          800,
          1.6911490936388915,
          89.82270245905966
        ],
        [
          900,
          1.6670555594323695,
          101.04658337612636
        ],
        [
          1000,
          1.6455678989147318,
          112.25958221009932
        ],
        [
          1100,
          1.6353442145490098,
          123.4836766270455
        ],
        [
          1200,
          1.6127649433311375,
          134.64728704304434
        ],
        [
          1300,
          1.6060274124145508,
          145.83899612608366
        ],
        [
          1400,
          1.595755840718061,
          157.02639012620784
        ],
        [
          1500,
          1.5893057086001867,
          168.2520835432224
        ],
        [
          1600,
          1.5802353719185138,
          179.43021196033806
        ],
        [
          1700,
          1.5736518566635833,
          190.58802154427394
        ],
        [
          1800,
          1.5694468479046877,
          201.75585783622228
        ],
        [
          1900,
          1.569379420938163,
          212.9133855032269
        ],
        [
          2000,
          1.560403127231817,
          224.10060604522005
        ]
      ],
      "lr": 0.005,
      "lr_schedule": "cosine",
      "warmup_steps": 100,
      "attn_scaling": true,
      "data_path": null,
      "seed": 4,
      "steps": 2000,
      "tokens_per_second": 146220.04187435316,
      "parameter_count": 2213965
    },
    {
      "name": "activation-fourier",
      "variant": "activation",
      "compiled": false,
      "activation_kwargs": {
        "a": 0.0,
        "b": 1.0,
        "c": 0.0,
        "bias_init": 0.1,
        "residual_mix": 0.0,
        "dense_threshold": 128,
        "normalization": "unitary",
        "unitary_projection": false
      },
      "linear_kwargs": {
        "inverse_after_multiply": false,
        "normalization": "unitary",
        "unitary_projection": false,
        "use_triton_kernels": true,
        "direct_fourier_backend": "fft"
      },
      "initial_val_loss": 4.317179300593233,
      "final_train_loss": 1.377198576927185,
      "final_val_loss": 1.5905260321737706,
      "best_val_loss": 1.5905260321737706,
      "best_val_step": 2000,