{
  "device": "mps",
  "repo_dir": "/Users/alokbeniwal/nanogpt",
  "config": {
    "steps": 2000,
    "eval_iters": 8,
    "batch_size": 64,
    "seq_len": 256,
    "n_layers": 4,
    "n_heads": 4,
    "embed_dim": 212,
    "dropout": 0.2,
    "vocab_size": 65,
    "lr": 0.005,
    "weight_decay": 0.0,
    "normalization": "unitary",
    "inverse_after_multiply": true,
    "unitary_projection": false
  },
  "results": [
    {
      "name": "baseline",
      "variant": "baseline",
      "compiled": false,
      "activation_kwargs": {
        "normalization": "unitary",
        "unitary_projection": false
      },
      "linear_kwargs": {
        "inverse_after_multiply": true,
        "normalization": "unitary",
        "unitary_projection": false,
        "use_triton_kernels": true,
        "direct_fourier_backend": "fft"
      },
      "initial_val_loss": 4.392217812592956,
      "final_train_loss": 1.1677890568971634,
      "final_val_loss": 1.4776519821978162,
      "best_val_loss": 1.474702753143749,
      "best_val_step": 1800,
      "val_history": [
        [
          100,
          2.475888108110976,
          8.182294166879728
        ],
        [
          200,
          2.095634079527581,
          16.62054679170251
        ],
        [
          300,
          1.8709425180807882,
          25.17134587583132
        ],
        [
          400,
          1.7466487550187384,
          33.70089966687374
        ],
        [
          500,
          1.6727950896339856,
          42.2051591668278
        ],
        [
          600,
          1.6335794566691606,
          50.75368641666137
        ],
        [
          700,
          1.5934907003380787,
          59.27583650057204
        ],
        [
          800,
          1.5832836874600114,
          67.78702220856212
        ],
        [
          900,
          1.5497764554517022,
          76.30559937469661
        ],
        [
          1000,
          1.5311238730090788,
          84.86688295868225
        ],
        [
          1100,
          1.5174706075383328,
          93.36082316678949
        ],
        [
          1200,
          1.50951125265538,
          101.89292145892978
        ],
        [
          1300,
          1.5034045219421386,
          110.42037654295564
        ],
        [
          1400,
          1.502760627077914,
          118.97438300098293
        ],
        [
          1500,
          1.4868408063362384,
          127.51921008410864
        ],
        [
          1600,
          1.4826408646572595,
          136.07681141700596
        ],
        [
          1700,
          1.4832018964592069,
          144.59967133309692
        ],
        [
          1800,
          1.474702753143749,
          153.18080508313142
        ],
        [
          1900,
          1.4780596311064973,
          161.72132037417032
        ],
        [
          2000,
          1.4776519821978162,
          170.24601458222605
        ]
      ],
      "lr": 0.005,
      "lr_schedule": "cosine",
      "warmup_steps": 100,
      "attn_scaling": true,
      "data_path": null,
      "seed": 1,
      "steps": 2000,
      "tokens_per_second": 192474.40288344366,
      "parameter_count": 2250657
    }
  ]
}
