{
  "device": "mps",
  "repo_dir": "/Users/alokbeniwal/nanogpt",
  "config": {
    "steps": 2000,
    "eval_iters": 8,
    "batch_size": 64,
    "seq_len": 256,
    "n_layers": 4,
    "n_heads": 4,
    "embed_dim": 212,
    "dropout": 0.2,
    "vocab_size": 65,
    "lr": 0.005,
    "weight_decay": 0.0,
    "normalization": "unitary",
    "inverse_after_multiply": true,
    "unitary_projection": false
  },
  "results": [
    {
      "name": "baseline",
      "variant": "baseline",
      "compiled": false,
      "activation_kwargs": {
        "normalization": "unitary",
        "unitary_projection": false
      },
      "linear_kwargs": {
        "inverse_after_multiply": true,
        "normalization": "unitary",
        "unitary_projection": false,
        "use_triton_kernels": true,
        "direct_fourier_backend": "fft"
      },
      "initial_val_loss": 4.342167732633393,
      "final_train_loss": 1.1597388684749603,
      "final_val_loss": 1.4714512846935754,
      "best_val_loss": 1.4714512846935754,
      "best_val_step": 2000,
      "val_history": [
        [
          100,
          2.489229059767449,
          8.280681833159178
        ],
        [
          200,
          2.1177697368051813,
          16.50290875020437
        ],
        [
          300,
          1.9033449677215226,
          24.893747500143945
        ],
        [
          400,
          1.7821129596096346,
          33.27461983426474
        ],
        [
          500,
          1.6916455622377067,
          41.652861626353115
        ],
        [
          600,
          1.6500237818421988,
          50.02463054237887
        ],
        [
          700,
          1.6054409679325148,
          58.627433750312775
        ],
        [
          800,
          1.57893968258781,
          67.37784245819785
        ],
        [
          900,
          1.5589682083020264,
          76.09880649927072
        ],
        [
          1000,
          1.5379924195936356,
          84.94635004014708
        ],
        [
          1100,
          1.5219837268193563,
          93.61854674923234
        ],
        [
          1200,
          1.5148607632209514,
          102.30540120834485
        ],
        [
          1300,
          1.5004449471660044,
          111.00723379245028
        ],
        [
          1400,
          1.4921016646527696,
          119.45842354255728
        ],
        [
          1500,
          1.4855012422320486,
          127.90955850062892
        ],
        [
          1600,
          1.4825469636369026,
          136.3322482504882
        ],
        [
          1700,
          1.4755525451967086,
          144.71752479136921
        ],
        [
          1800,
          1.477655805664501,
          153.09643883327954
        ],
        [
          1900,
          1.4723688369509818,
          161.53651416720822
        ],
        [
          2000,
          1.4714512846935754,
          169.96109662624076
        ]
      ],
      "lr": 0.005,
      "lr_schedule": "cosine",
      "warmup_steps": 100,
      "attn_scaling": true,
      "data_path": null,
      "seed": 3,
      "steps": 2000,
      "tokens_per_second": 192797.06150672634,
      "parameter_count": 2250657
    }
  ]
}
