{
  "device": "mps",
  "repo_dir": "/Users/alokbeniwal/nanogpt",
  "config": {
    "steps": 2000,
    "eval_iters": 8,
    "batch_size": 64,
    "seq_len": 256,
    "n_layers": 4,
    "n_heads": 4,
    "embed_dim": 256,
    "dropout": 0.2,
    "vocab_size": 65,
    "lr": 0.005,
    "weight_decay": 0.0,
    "normalization": "unitary",
    "inverse_after_multiply": false,
    "unitary_projection": false
  },
  "results": [
    {
      "name": "baseline",
      "variant": "baseline",
      "compiled": false,
      "activation_kwargs": {
        "normalization": "unitary",
        "unitary_projection": false
      },
      "linear_kwargs": {
        "inverse_after_multiply": false,
        "normalization": "unitary",
        "unitary_projection": false,
        "use_triton_kernels": true,
        "direct_fourier_backend": "fft"
      },
      "initial_val_loss": 4.377280752686248,
      "final_train_loss": 1.1335996687412262,
      "final_val_loss": 1.4799873615133352,
      "best_val_loss": 1.4795528510521199,
      "best_val_step": 1900,
      "val_history": [
        [
          100,
          2.4757749601342214,
          9.347840333124623
        ],
        [
          200,
          2.0459953784942626,
          18.553984124213457
        ],
        [
          300,
          1.8375910663056647,
          27.726240166230127
        ],
        [
          400,
          1.7350445922763869,
          36.85712004126981
        ],
        [
          500,
          1.6733935356140137,
          45.979454374173656
        ],
        [
          600,
          1.6308051761539504,
          55.112767790211365
        ],
        [
          700,
          1.5877134271051692,
          64.30384237412363
        ],
        [
          800,
          1.5677391682548085,
          73.48131237411872
        ],
        [
          900,
          1.5513206753237494,
          82.67592008202337
        ],
        [
          1000,
          1.5374739663354282,
          91.9175314148888
        ],
        [
          1100,
          1.5170877262093554,
          101.1889037489891
        ],
        [
          1200,
          1.514027407799644,
          110.47466512420215
        ],
        [
          1300,
          1.5066318673649053,
          119.9203837912064
        ],
        [
          1400,
          1.4965280173838824,
          129.35495129111223
        ],
        [
          1500,
          1.4920877574504108,
          138.86389329098165
        ],
        [
          1600,
          1.4815252358886017,
          148.38442895794287
        ],
        [
          1700,
          1.4838921563378695,
          157.96741741592996
        ],
        [
          1800,
          1.4822393494090815,
          167.60380079085007
        ],
        [
          1900,
          1.4795528510521199,
          177.3109953738749
        ],
        [
          2000,
          1.4799873615133352,
          187.0893309568055
        ]
      ],
      "lr": 0.005,
      "lr_schedule": "cosine",
      "warmup_steps": 100,
      "attn_scaling": true,
      "data_path": null,
      "seed": 1,
      "steps": 2000,
      "tokens_per_second": 175146.27815717272,
      "parameter_count": 3258433
    },
    {
      "name": "linear-fourier",
      "variant": "linear",
      "compiled": false,
      "activation_kwargs": {
        "normalization": "unitary",
        "unitary_projection": false
      },
      "linear_kwargs": {
        "a": 0.0,
        "b": 1.0,
        "c": 0.0,
        "dense_threshold": 32,
        "inverse_after_multiply": false,
        "normalization": "unitary",
        "unitary_projection": false,
        "use_triton_kernels": true,
        "direct_fourier_backend": "fft"
      },
      "initial_val_loss": 4.374052080614813,
      "final_train_loss": 1.322137787938118,
      "final_val_loss": 1.560686543344081,
      "best_val_loss": 1.5584850133150474,
      "best_val_step": 1900,
      "val_history": [
        [
          100,
          2.4920900558603223,
          11.054507791996002
        ],
        [
          200,
          2.403462428060071,
          22.47492162603885
        ],
        [
          300,
          2.0520489484414286,
          33.98277741810307
        ],
        [
          400,
          1.907376543132738,
          45.54843337624334
        ],
        [
          500,
          1.8158714702759666,
          57.088267668150365
        ],
        [
          600,
          1.7731174814290014,
          68.61600216827355
        ],
        [
          700,
          1.7215966101350455,
          80.13179258536547
        ],
        [
          800,
          1.7037178195756058,
          91.67979766824283
        ],
        [
          900,
          1.6740480781971723,
          103.27203754335642
        ],
        [
          1000,
          1.6476326901337197,
          114.83794650132768
        ],
        [
          1100,
          1.6325346458917376,
          126.42082687630318
        ],
        [
          1200,
          1.620189045763564,
          137.96172883431427
        ],
        [
          1300,
          1.604995723154353,
          149.63216908439063
        ],
        [
          1400,
          1.598467089663977,
          161.23282716749236
        ],
        [
          1500,
          1.5829732037138664,
          172.75857379264198
        ],
        [
          1600,
          1.573823812638206,
          184.3336158345919
        ],
        [
          1700,
          1.568644135847859,
          195.8852575016208
        ],
        [
          1800,
          1.5636022321109113,
          207.4248666265048
        ],
        [
          1900,
          1.5584850133150474,
          219.00399096054025
        ],
        [
          2000,
          1.560686543344081,
          230.6498280025553
        ]
      ],
      "lr": 0.005,
      "lr_schedule": "cosine",
      "warmup_steps": 100,
      "attn_scaling": true,
      "data_path": null,
      "seed": 1,
      "steps": 2000,
      "tokens_per_second": 142068.17444336865,
      "parameter_count": 2213965
    },
    {
      "name": "activation-fourier",
      "variant": "activation",
      "compiled": false,
      "activation_kwargs": {
        "a": 0.0,
        "b": 1.0,
        "c": 0.0,
        "bias_init": 0.1,
        "residual_mix": 0.0,
        "dense_threshold": 128,
        "normalization": "unitary",
        "unitary_projection": false
      },
      "linear_kwargs": {
        "inverse_after_multiply": false,
        "normalization": "unitary",
        "unitary_projection": false,
        "use_triton_kernels": true,
        "direct_fourier_backend": "fft"
      },
      "initial_val_loss": 4.339070629251414,
      "final_train_loss": 1.3664692044258118,
      "final_val_loss": 1.6000368173095,
      "best_val_loss": 1.6000368173095,
      "best_val_step": 2000,