{
  "device": "mps",
  "repo_dir": "/Users/alokbeniwal/nanogpt",
  "config": {
    "steps": 2000,
    "eval_iters": 8,
    "batch_size": 64,
    "seq_len": 256,
    "n_layers": 4,
    "n_heads": 4,
    "embed_dim": 212,
    "dropout": 0.2,
    "vocab_size": 65,
    "lr": 0.005,
    "weight_decay": 0.0,
    "normalization": "unitary",
    "inverse_after_multiply": true,
    "unitary_projection": false
  },
  "results": [
    {
      "name": "baseline",
      "variant": "baseline",
      "compiled": false,
      "activation_kwargs": {
        "normalization": "unitary",
        "unitary_projection": false
      },
      "linear_kwargs": {
        "inverse_after_multiply": true,
        "normalization": "unitary",
        "unitary_projection": false,
        "use_triton_kernels": true,
        "direct_fourier_backend": "fft"
      },
      "initial_val_loss": 4.359569123147548,
      "final_train_loss": 1.1667056679725647,
      "final_val_loss": 1.4631240784436808,
      "best_val_loss": 1.4631240784436808,
      "best_val_step": 2000,
      "val_history": [
        [
          100,
          2.4852837842086264,
          8.090966125018895
        ],
        [
          200,
          2.1006307996552565,
          16.29650895902887
        ],
        [
          300,
          1.8611753022533724,
          24.71556612616405
        ],
        [
          400,
          1.73978106948151,
          33.092925418168306
        ],
        [
          500,
          1.6872726744618909,
          41.46560446009971
        ],
        [
          600,
          1.630427066485087,
          49.84988350211643
        ],
        [
          700,
          1.5955697561132496,
          58.2295592520386
        ],
        [
          800,
          1.5589364356008069,
          66.59245645999908
        ],
        [
          900,
          1.5497617137843165,
          75.00222750194371
        ],
        [
          1000,
          1.5304144492094545,
          83.43741016904823
        ],
        [
          1100,
          1.5246613713516586,
          91.85009125317447
        ],
        [
          1200,
          1.5027350036577247,
          100.2644322111737
        ],
        [
          1300,
          1.497800810035618,
          108.68333683628589
        ],
        [
          1400,
          1.4901614296025243,
          117.16111821122468
        ],
        [
          1500,
          1.4831630608131146,
          125.58143062819727
        ],
        [
          1600,
          1.4765175304193607,
          134.01629471126944
        ],
        [
          1700,
          1.4688485356582992,
          142.49844691925682
        ],
        [
          1800,
          1.4673134283087719,
          150.93643275322393
        ],
        [
          1900,
          1.4650083750143819,
          159.37926687812433
        ],
        [
          2000,
          1.4631240784436808,
          167.85146854422055
        ]
      ],
      "lr": 0.005,
      "lr_schedule": "cosine",
      "warmup_steps": 100,
      "attn_scaling": true,
      "data_path": null,
      "seed": 4,
      "steps": 2000,
      "tokens_per_second": 195220.21632695608,
      "parameter_count": 2250657
    }
  ]
}
