{
  "device": "mps",
  "repo_dir": "/Users/alokbeniwal/nanogpt",
  "config": {
    "steps": 2000,
    "eval_iters": 8,
    "batch_size": 64,
    "seq_len": 256,
    "n_layers": 4,
    "n_heads": 4,
    "embed_dim": 212,
    "dropout": 0.2,
    "vocab_size": 65,
    "lr": 0.005,
    "weight_decay": 0.0,
    "normalization": "unitary",
    "inverse_after_multiply": true,
    "unitary_projection": false
  },
  "results": [
    {
      "name": "baseline",
      "variant": "baseline",
      "compiled": false,
      "activation_kwargs": {
        "normalization": "unitary",
        "unitary_projection": false
      },
      "linear_kwargs": {
        "inverse_after_multiply": true,
        "normalization": "unitary",
        "unitary_projection": false,
        "use_triton_kernels": true,
        "direct_fourier_backend": "fft"
      },
      "initial_val_loss": 4.384077280417256,
      "final_train_loss": 1.1638173609972,
      "final_val_loss": 1.4716106187338116,
      "best_val_loss": 1.4716106187338116,
      "best_val_step": 2000,
      "val_history": [
        [
          100,
          2.5008976130649962,
          8.07797491690144
        ],
        [
          200,
          2.0872509928955427,
          16.31485812482424
        ],
        [
          300,
          1.879749326048226,
          24.721857624826953
        ],
        [
          400,
          1.765363947002367,
          33.15379604185
        ],
        [
          500,
          1.6919615112502,
          41.55022083292715
        ],
        [
          600,
          1.6384911205576753,
          49.96629924979061
        ],
        [
          700,
          1.6011614229487277,
          58.373061374761164
        ],
        [
          800,
          1.5872672196092277,
          66.74610845861025
        ],
        [
          900,
          1.5629475675780198,
          75.18446112563834
        ],
        [
          1000,
          1.547090311434077,
          83.6216889587231
        ],
        [
          1100,
          1.527134789269546,
          92.06462158355862
        ],
        [
          1200,
          1.5210721925757398,
          100.5123935835436
        ],
        [
          1300,
          1.5164884189079548,
          108.91392762446776
        ],
        [
          1400,
          1.5002433631611967,
          117.34216162445955
        ],
        [
          1500,
          1.4960669303762502,
          125.79413637449034
        ],
        [
          1600,
          1.4879052197796174,
          134.28189624939114
        ],
        [
          1700,
          1.4824439188529706,
          142.79551566648297
        ],
        [
          1800,
          1.4798088397102795,
          151.26899237465113
        ],
        [
          1900,
          1.4733455257854242,
          159.65127241658047
        ],
        [
          2000,
          1.4716106187338116,
          168.13245554151945
        ]
      ],
      "lr": 0.005,
      "lr_schedule": "cosine",
      "warmup_steps": 100,
      "attn_scaling": true,
      "data_path": null,
      "seed": 2,
      "steps": 2000,
      "tokens_per_second": 194893.95961333657,
      "parameter_count": 2250657
    }
  ]
}
