{
  "device": "mps",
  "repo_dir": "/Users/alokbeniwal/nanogpt",
  "config": {
    "steps": 2000,
    "eval_iters": 8,
    "batch_size": 64,
    "seq_len": 256,
    "n_layers": 4,
    "n_heads": 4,
    "embed_dim": 256,
    "dropout": 0.2,
    "vocab_size": 27,
    "lr": 0.005,
    "weight_decay": 0.0,
    "normalization": "unitary",
    "inverse_after_multiply": false,
    "unitary_projection": false
  },
  "results": [
    {
      "name": "baseline",
      "variant": "baseline",
      "compiled": false,
      "activation_kwargs": {
        "normalization": "unitary",
        "unitary_projection": false
      },
      "linear_kwargs": {
        "inverse_after_multiply": false,
        "normalization": "unitary",
        "unitary_projection": false,
        "use_triton_kernels": true,
        "direct_fourier_backend": "fft"
      },
      "initial_val_loss": 3.5052165833730546,
      "final_train_loss": 1.25689397752285,
      "final_val_loss": 1.3104830869820199,
      "best_val_loss": 1.3104830869820199,
      "best_val_step": 2000,
      "val_history": [
        [
          100,
          2.360468217548931,
          9.110330250114202
        ],
        [
          200,
          2.0118133021939184,
          18.661754500120878
        ],
        [
          300,
          1.7804424177361218,
          28.161984084174037
        ],
        [
          400,
          1.6592203028923538,
          37.6934405840002
        ],
        [
          500,
          1.585185097231965,
          47.16715279291384
        ],
        [
          600,
          1.533205874809777,
          56.64983450109139
        ],
        [
          700,
          1.4939862373726098,
          66.15286158514209
        ],
        [
          800,
          1.463199643007133,
          75.65720846015029
        ],
        [
          900,
          1.4395024312561864,
          85.21445800224319
        ],
        [
          1000,
          1.419084372547304,
          94.78328654309735
        ],
        [
          1100,
          1.4015927475291037,
          104.33390483516268
        ],
        [
          1200,
          1.3834266843883674,
          113.92984433518723
        ],
        [
          1300,
          1.37306888812759,
          123.48182750213891
        ],
        [
          1400,
          1.3600516709924904,
          133.0610320023261
        ],
        [
          1500,
          1.3465657143854082,
          142.64114708523266
        ],
        [
          1600,
          1.3415484606639825,
          152.1736044602003
        ],
        [
          1700,
          1.3319692073940193,
          161.74184421007521
        ],
        [
          1800,
          1.3225017256206937,
          171.3398208352737
        ],
        [
          1900,
          1.3155714615881902,
          180.9333942523226
        ],
        [
          2000,
          1.3104830869820199,
          190.55889808619395
        ]
      ],
      "lr": 0.005,
      "lr_schedule": "cosine",
      "warmup_steps": 100,
      "attn_scaling": true,
      "data_path": "/tmp/text8_10mb.txt",
      "seed": 2,
      "steps": 2000,
      "tokens_per_second": 171957.33355457545,
      "parameter_count": 3238939
    },
    {
      "name": "linear-fourier",
      "variant": "linear",
      "compiled": false,
      "activation_kwargs": {
        "normalization": "unitary",
        "unitary_projection": false
      },
      "linear_kwargs": {
        "a": 0.0,
        "b": 1.0,
        "c": 0.0,
        "dense_threshold": 32,
        "inverse_after_multiply": false,
        "normalization": "unitary",
        "unitary_projection": false,
        "use_triton_kernels": true,
        "direct_fourier_backend": "fft"
      },
      "initial_val_loss": 3.5137239642712133,
      "final_train_loss": 1.4165361672639847,
      "final_val_loss": 1.4515466473985195,
      "best_val_loss": 1.4515466473985195,
      "best_val_step": 2000,
      "val_history": [
        [
          100,
          2.3913398868172093,
          10.949661457911134
        ],
        [
          200,
          2.2011827145609195,
          22.161337790777907
        ],
        [
          300,
          2.017623164747778,
          33.29617191571742
        ],
        [
          400,
          1.867729704867127,
          44.50503104086965
        ],
        [
          500,
          1.7789584196230355,
          55.66617033188231
        ],
        [
          600,
          1.7098737618768147,
          66.87229903996922
        ],
        [
          700,
          1.6547247305077526,
          78.05004933103919
        ],
        [
          800,
          1.6145761636850227,
          89.17321562208235
        ],
        [
          900,
          1.5830780347676627,
          100.35505441320129
        ],
        [
          1000,
          1.5582158713846164,
          111.44966132915579
        ],
        [
          1100,
          1.5359193978404853,
          122.61864445428364
        ],
        [
          1200,
          1.518099704889902,
          133.70075482921675
        ],
        [
          1300,
          1.5048490430047679,
          144.81114816339687
        ],
        [
          1400,
          1.4905442297916442,
          155.90183783043176
        ],
        [
          1500,
          1.4781325482369934,
          166.99642920540646
        ],
        [
          1600,
          1.472427454229141,
          178.10106566431932
        ],
        [
          1700,
          1.4656999904683352,
          189.14348812331446
        ],
        [
          1800,
          1.4583593797390728,
          200.2295031643007
        ],
        [
          1900,
          1.4544083749826786,
          211.26532399724238
        ],
        [
          2000,
          1.4515466473985195,
          222.3585015812423
        ]
      ],
      "lr": 0.005,
      "lr_schedule": "cosine",
      "warmup_steps": 100,
      "attn_scaling": true,
      "data_path": "/tmp/text8_10mb.txt",
      "seed": 2,
      "steps": 2000,
      "tokens_per_second": 147365.62698066066,
      "parameter_count": 2194471
    },
    {
      "name": "activation-fourier",
      "variant": "activation",
      "compiled": false,
      "activation_kwargs": {
        "a": 0.0,
        "b": 1.0,
        "c": 0.0,
        "bias_init": 0.1,
        "residual_mix": 0.0,
        "dense_threshold": 128,
        "normalization": "unitary",
        "unitary_projection": false
      },
      "linear_kwargs": {
        "inverse_after_multiply": false,
        "normalization": "unitary",
        "unitary_projection": false,
        "use_triton_kernels": true,
        "direct_fourier_backend": "fft"
      },
      "initial_val_loss": 3.475633796275852,
      "final_train_loss": 1.5834393501281738,
      "final_val_loss": 1.602095877153716,
      "best_val_loss": 1.602095877153716,
      "best_val_step": 2000,