{
  "device": "mps",
  "repo_dir": "/Users/alokbeniwal/nanogpt",
  "config": {
    "steps": 2000,
    "eval_iters": 8,
    "batch_size": 64,
    "seq_len": 256,
    "n_layers": 4,
    "n_heads": 4,
    "embed_dim": 256,
    "dropout": 0.2,
    "vocab_size": 27,
    "lr": 0.005,
    "weight_decay": 0.0,
    "normalization": "unitary",
    "inverse_after_multiply": false,
    "unitary_projection": false
  },
  "results": [
    {
      "name": "baseline",
      "variant": "baseline",
      "compiled": false,
      "activation_kwargs": {
        "normalization": "unitary",
        "unitary_projection": false
      },
      "linear_kwargs": {
        "inverse_after_multiply": false,
        "normalization": "unitary",
        "unitary_projection": false,
        "use_triton_kernels": true,
        "direct_fourier_backend": "fft"
      },
      "initial_val_loss": 3.4744031506199993,
      "final_train_loss": 1.2387116104364395,
      "final_val_loss": 1.2868346104668278,
      "best_val_loss": 1.2868346104668278,
      "best_val_step": 2000,
      "val_history": [
        [
          100,
          2.3677547936310113,
          9.14371974999085
        ],
        [
          200,
          1.996380720026238,
          18.579875166062266
        ],
        [
          300,
          1.7846599964380143,
          28.041030708234757
        ],
        [
          400,
          1.659922994226904,
          37.507715167244896
        ],
        [
          500,
          1.5798826880535588,
          47.029949250398204
        ],
        [
          600,
          1.5307551146896448,
          56.539429125376046
        ],
        [
          700,
          1.4911679399971833,
          66.07260191626847
        ],
        [
          800,
          1.4597309669103002,
          75.59903979115188
        ],
        [
          900,
          1.4413313044075837,
          85.10824450012296
        ],
        [
          1000,
          1.414210208550027,
          94.65180112491362
        ],
        [
          1100,
          1.3966728118646468,
          104.14830054203048
        ],
        [
          1200,
          1.3814662165722356,
          113.6613872081507
        ],
        [
          1300,
          1.3610452142545522,
          123.25009608315304
        ],
        [
          1400,
          1.3391837593963436,
          132.84454275015742
        ],
        [
          1500,
          1.321430452103134,
          142.47875025006942
        ],
        [
          1600,
          1.3099511200137708,
          152.0265823751688
        ],
        [
          1700,
          1.302757461865743,
          161.64000241598114
        ],
        [
          1800,
          1.294384195324829,
          171.24385183304548
        ],
        [
          1900,
          1.288528967196674,
          180.8720277911052
        ],
        [
          2000,
          1.2868346104668278,
          190.50713995704427
        ]
      ],
      "lr": 0.005,
      "lr_schedule": "cosine",
      "warmup_steps": 100,
      "attn_scaling": true,
      "data_path": "/tmp/text8_10mb.txt",
      "seed": 1,
      "steps": 2000,
      "tokens_per_second": 172004.05196040715,
      "parameter_count": 3238939
    },
    {
      "name": "linear-fourier",
      "variant": "linear",
      "compiled": false,
      "activation_kwargs": {
        "normalization": "unitary",
        "unitary_projection": false
      },
      "linear_kwargs": {
        "a": 0.0,
        "b": 1.0,
        "c": 0.0,
        "dense_threshold": 32,
        "inverse_after_multiply": false,
        "normalization": "unitary",
        "unitary_projection": false,
        "use_triton_kernels": true,
        "direct_fourier_backend": "fft"
      },
      "initial_val_loss": 3.450091999735639,
      "final_train_loss": 1.4175180345773697,
      "final_val_loss": 1.45455374848336,
      "best_val_loss": 1.45455374848336,
      "best_val_step": 2000,
      "val_history": [
        [
          100,
          2.3902254743082856,
          10.946112291887403
        ],
        [
          200,
          2.1656101371347143,
          22.106160582741722
        ],
        [
          300,
          2.013773079230977,
          33.254390249727294
        ],
        [
          400,
          1.8967332782589101,
          44.41969845769927
        ],
        [
          500,
          1.7937626791073613,
          55.60260758269578
        ],
        [
          600,
          1.708963397888422,
          66.75881333253346
        ],
        [
          700,
          1.6551215598599092,
          77.9806822494138
        ],
        [
          800,
          1.615088699355958,
          89.12527133338153
        ],
        [
          900,
          1.585609165448991,
          100.32084866729565
        ],
        [
          1000,
          1.556416959440287,
          111.42736245924607
        ],
        [
          1100,
          1.539246705514739,
          122.53167491825297
        ],
        [
          1200,
          1.5203770928302303,
          133.63056979328394
        ],
        [
          1300,
          1.5097125697245795,
          144.74915946042165
        ],
        [
          1400,
          1.4935356193606937,
          155.88908954453655
        ],
        [
          1500,
          1.486284803318721,
          167.02638721140102
        ],
        [
          1600,
          1.4761059077898173,
          178.15699571138248
        ],
        [
          1700,
          1.467360760087669,
          189.2242543362081
        ],
        [
          1800,
          1.4636462018603371,
          200.32493033609353
        ],
        [
          1900,
          1.457935067670991,
          211.3907080439385
        ],
        [
          2000,
          1.45455374848336,
          222.49434975185432
        ]
      ],
      "lr": 0.005,
      "lr_schedule": "cosine",
      "warmup_steps": 100,
      "attn_scaling": true,
      "data_path": "/tmp/text8_10mb.txt",
      "seed": 1,
      "steps": 2000,
      "tokens_per_second": 147275.65008525303,
      "parameter_count": 2194471
    },
    {
      "name": "activation-fourier",
      "variant": "activation",
      "compiled": false,
      "activation_kwargs": {
        "a": 0.0,
        "b": 1.0,
        "c": 0.0,
        "bias_init": 0.1,
        "residual_mix": 0.0,
        "dense_threshold": 128,
        "normalization": "unitary",
        "unitary_projection": false
      },
      "linear_kwargs": {
        "inverse_after_multiply": false,
        "normalization": "unitary",
        "unitary_projection": false,
        "use_triton_kernels": true,
        "direct_fourier_backend": "fft"
      },
      "initial_val_loss": 3.4421551067647234,
      "final_train_loss": 1.593194454908371,
      "final_val_loss": 1.6094410938296144,
      "best_val_loss": 1.6094410938296144,
      "best_val_step": 2000,